nazov,date,daily_pocet_do,daily_pocet_z,daily_total,hour_count,zemepisna_sirka,zemepisna_dlzka,smer_do,smer_z,weekday,is_weekend,month,year
#1 - Starý Most,2022-09-06,708,713,1421,24,48.110442,17.127512,Centrum,Petržalka,1,0,9,2022
#1 - Starý Most,2022-09-07,694,695,1389,24,48.110442,17.127512,Centrum,Petržalka,2,0,9,2022
#1 - Starý Most,2022-09-08,621,175,796,24,48.110442,17.127512,Centrum,Petržalka,3,0,9,2022
#1 - Starý Most,2022-09-09,1268,195,1463,24,48.110442,17.127512,Centrum,Petržalka,4,0,9,2022
#1 - Starý Most,2022-09-10,673,648,1321,24,48.110442,17.127512,Centrum,Petržalka,5,1,9,2022
#1 - Starý Most,2022-09-11,654,660,1314,24,48.110442,17.127512,Centrum,Petržalka,6,1,9,2022
#1 - Starý Most,2022-09-12,683,128,811,24,48.110442,17.127512,Centrum,Petržalka,0,0,9,2022
#1 - Starý Most,2022-09-13,1476,291,1767,24,48.110442,17.127512,Centrum,Petržalka,1,0,9,2022
#1 - Starý Most,2022-09-14,624,615,1239,24,48.110442,17.127512,Centrum,Petržalka,2,0,9,2022
#1 - Starý Most,2022-09-15,613,607,1220,24,48.110442,17.127512,Centrum,Petržalka,3,0,9,2022
#1 - Starý Most,2022-09-16,599,603,1202,24,48.110442,17.127512,Centrum,Petržalka,4,0,9,2022
#1 - Starý Most,2022-09-17,591,589,1180,24,48.110442,17.127512,Centrum,Petržalka,5,1,9,2022
#1 - Starý Most,2022-09-18,582,585,1167,24,48.110442,17.127512,Centrum,Petržalka,6,1,9,2022
#1 - Starý Most,2022-09-19,571,567,1138,24,48.110442,17.127512,Centrum,Petržalka,0,0,9,2022
#1 - Starý Most,2022-09-20,530,523,1053,24,48.110442,17.127512,Centrum,Petržalka,1,0,9,2022
#1 - Starý Most,2022-09-21,601,164,765,24,48.110442,17.127512,Centrum,Petržalka,2,0,9,2022
#1 - Starý Most,2022-09-22,891,185,1076,24,48.110442,17.127512,Centrum,Petržalka,3,0,9,2022
#1 - Starý Most,2022-09-23,818,158,976,24,48.110442,17.127512,Centrum,Petržalka,4,0,9,2022
#1 - Starý Most,2022-09-24,1100,121,1221,24,48.110442,17.127512,Centrum,Petržalka,5,1,9,2022
#1 - Starý Most,2022-09-25,481,473,954,24,48.110442,17.127512,Centrum,Petržalka,6,1,9,2022
#1 - Starý Most,2022-09-26,860,157,1017,24,48.110442,17.127512,Centrum,Petržalka,0,0,9,2022
#1 - Starý Most,2022-09-27,446,96,542,24,48.110442,17.127512,Centrum,Petržalka,1,0,9,2022
#1 - Starý Most,2022-09-28,811,135,946,24,48.110442,17.127512,Centrum,Petržalka,2,0,9,2022
#1 - Starý Most,2022-09-29,539,125,664,24,48.110442,17.127512,Centrum,Petržalka,3,0,9,2022
#1 - Starý Most,2022-09-30,191,59,250,24,48.110442,17.127512,Centrum,Petržalka,4,0,9,2022
#1 - Starý Most,2022-10-01,362,57,419,24,48.110442,17.127512,Centrum,Petržalka,5,1,10,2022
#1 - Starý Most,2022-10-02,599,71,670,24,48.110442,17.127512,Centrum,Petržalka,6,1,10,2022
#1 - Starý Most,2022-10-03,548,93,641,24,48.110442,17.127512,Centrum,Petržalka,0,0,10,2022
#1 - Starý Most,2022-10-04,632,130,762,24,48.110442,17.127512,Centrum,Petržalka,1,0,10,2022
#1 - Starý Most,2022-10-05,697,140,837,24,48.110442,17.127512,Centrum,Petržalka,2,0,10,2022
#1 - Starý Most,2022-10-06,746,102,848,24,48.110442,17.127512,Centrum,Petržalka,3,0,10,2022
#1 - Starý Most,2022-10-07,535,72,607,24,48.110442,17.127512,Centrum,Petržalka,4,0,10,2022
#1 - Starý Most,2022-10-08,825,203,1028,24,48.110442,17.127512,Centrum,Petržalka,5,1,10,2022
#1 - Starý Most,2022-10-09,498,490,988,24,48.110442,17.127512,Centrum,Petržalka,6,1,10,2022
#1 - Starý Most,2022-10-10,503,495,998,24,48.110442,17.127512,Centrum,Petržalka,0,0,10,2022
#1 - Starý Most,2022-10-11,507,509,1016,24,48.110442,17.127512,Centrum,Petržalka,1,0,10,2022
#1 - Starý Most,2022-10-12,509,509,1018,24,48.110442,17.127512,Centrum,Petržalka,2,0,10,2022
#1 - Starý Most,2022-10-13,518,512,1030,24,48.110442,17.127512,Centrum,Petržalka,3,0,10,2022
#1 - Starý Most,2022-10-14,518,524,1042,24,48.110442,17.127512,Centrum,Petržalka,4,0,10,2022
#1 - Starý Most,2022-10-15,528,524,1052,24,48.110442,17.127512,Centrum,Petržalka,5,1,10,2022
#1 - Starý Most,2022-10-16,532,538,1070,24,48.110442,17.127512,Centrum,Petržalka,6,1,10,2022
#1 - Starý Most,2022-10-19,566,73,639,24,48.110442,17.127512,Centrum,Petržalka,2,0,10,2022
#1 - Starý Most,2022-10-20,400,58,458,24,48.110442,17.127512,Centrum,Petržalka,3,0,10,2022
#1 - Starý Most,2022-10-21,363,48,411,24,48.110442,17.127512,Centrum,Petržalka,4,0,10,2022
#1 - Starý Most,2022-10-22,184,26,210,24,48.110442,17.127512,Centrum,Petržalka,5,1,10,2022
#1 - Starý Most,2022-10-26,372,71,443,24,48.110442,17.127512,Centrum,Petržalka,2,0,10,2022
#1 - Starý Most,2022-10-27,431,73,504,24,48.110442,17.127512,Centrum,Petržalka,3,0,10,2022
#1 - Starý Most,2022-10-28,306,52,358,24,48.110442,17.127512,Centrum,Petržalka,4,0,10,2022
#1 - Starý Most,2022-10-29,231,49,280,24,48.110442,17.127512,Centrum,Petržalka,5,1,10,2022
#1 - Starý Most,2022-10-30,310,61,371,24,48.110442,17.127512,Centrum,Petržalka,6,1,10,2022
#1 - Starý Most,2022-10-31,281,65,346,24,48.110442,17.127512,Centrum,Petržalka,0,0,10,2022
#3 - River Park,2022-09-06,1015,1022,2037,24,48.13956,17.117371,Centrum,Most Lanfranconi,1,0,9,2022
#3 - River Park,2022-09-07,899,876,1775,24,48.13956,17.117371,Centrum,Most Lanfranconi,2,0,9,2022
#3 - River Park,2022-09-08,536,611,1147,24,48.13956,17.117371,Centrum,Most Lanfranconi,3,0,9,2022
#3 - River Park,2022-09-09,667,759,1426,24,48.13956,17.117371,Centrum,Most Lanfranconi,4,0,9,2022
#3 - River Park,2022-09-10,594,642,1236,24,48.13956,17.117371,Centrum,Most Lanfranconi,5,1,9,2022
#3 - River Park,2022-09-11,486,456,942,24,48.13956,17.117371,Centrum,Most Lanfranconi,6,1,9,2022
#3 - River Park,2022-09-12,784,748,1532,24,48.13956,17.117371,Centrum,Most Lanfranconi,0,0,9,2022
#3 - River Park,2022-09-13,821,1032,1853,24,48.13956,17.117371,Centrum,Most Lanfranconi,1,0,9,2022
#3 - River Park,2022-09-14,467,501,968,24,48.13956,17.117371,Centrum,Most Lanfranconi,2,0,9,2022
#3 - River Park,2022-09-15,466,526,992,24,48.13956,17.117371,Centrum,Most Lanfranconi,3,0,9,2022
#3 - River Park,2022-09-16,383,429,812,24,48.13956,17.117371,Centrum,Most Lanfranconi,4,0,9,2022
#3 - River Park,2022-09-17,327,356,683,24,48.13956,17.117371,Centrum,Most Lanfranconi,5,1,9,2022
#3 - River Park,2022-09-18,224,248,472,24,48.13956,17.117371,Centrum,Most Lanfranconi,6,1,9,2022
#3 - River Park,2022-09-19,191,333,524,24,48.13956,17.117371,Centrum,Most Lanfranconi,0,0,9,2022
#3 - River Park,2022-09-20,212,308,520,24,48.13956,17.117371,Centrum,Most Lanfranconi,1,0,9,2022
#3 - River Park,2022-09-21,559,560,1119,24,48.13956,17.117371,Centrum,Most Lanfranconi,2,0,9,2022
#3 - River Park,2022-09-22,526,552,1078,24,48.13956,17.117371,Centrum,Most Lanfranconi,3,0,9,2022
#3 - River Park,2022-09-23,565,569,1134,24,48.13956,17.117371,Centrum,Most Lanfranconi,4,0,9,2022
#3 - River Park,2022-09-24,600,643,1243,24,48.13956,17.117371,Centrum,Most Lanfranconi,5,1,9,2022
#3 - River Park,2022-09-25,238,232,470,24,48.13956,17.117371,Centrum,Most Lanfranconi,6,1,9,2022
#3 - River Park,2022-09-26,533,543,1076,24,48.13956,17.117371,Centrum,Most Lanfranconi,0,0,9,2022
#3 - River Park,2022-09-27,244,283,527,24,48.13956,17.117371,Centrum,Most Lanfranconi,1,0,9,2022
#3 - River Park,2022-09-28,457,527,984,24,48.13956,17.117371,Centrum,Most Lanfranconi,2,0,9,2022
#3 - River Park,2022-09-29,427,446,873,24,48.13956,17.117371,Centrum,Most Lanfranconi,3,0,9,2022
#3 - River Park,2022-09-30,209,222,431,24,48.13956,17.117371,Centrum,Most Lanfranconi,4,0,9,2022
#3 - River Park,2022-10-01,370,286,656,24,48.13956,17.117371,Centrum,Most Lanfranconi,5,1,10,2022
#3 - River Park,2022-10-02,595,585,1180,24,48.13956,17.117371,Centrum,Most Lanfranconi,6,1,10,2022
#3 - River Park,2022-10-03,337,261,598,24,48.13956,17.117371,Centrum,Most Lanfranconi,0,0,10,2022
#3 - River Park,2022-10-04,495,610,1105,24,48.13956,17.117371,Centrum,Most Lanfranconi,1,0,10,2022
#3 - River Park,2022-10-05,512,572,1084,24,48.13956,17.117371,Centrum,Most Lanfranconi,2,0,10,2022
#3 - River Park,2022-10-06,690,775,1465,24,48.13956,17.117371,Centrum,Most Lanfranconi,3,0,10,2022
#3 - River Park,2022-10-07,570,658,1228,24,48.13956,17.117371,Centrum,Most Lanfranconi,4,0,10,2022
#3 - River Park,2022-10-08,660,757,1417,24,48.13956,17.117371,Centrum,Most Lanfranconi,5,1,10,2022
#3 - River Park,2022-10-09,665,746,1411,24,48.13956,17.117371,Centrum,Most Lanfranconi,6,1,10,2022
#3 - River Park,2022-10-10,481,584,1065,24,48.13956,17.117371,Centrum,Most Lanfranconi,0,0,10,2022
#3 - River Park,2022-10-11,527,595,1122,24,48.13956,17.117371,Centrum,Most Lanfranconi,1,0,10,2022
#3 - River Park,2022-10-12,489,474,963,24,48.13956,17.117371,Centrum,Most Lanfranconi,2,0,10,2022
#3 - River Park,2022-10-13,457,508,965,24,48.13956,17.117371,Centrum,Most Lanfranconi,3,0,10,2022
#3 - River Park,2022-10-14,406,431,837,24,48.13956,17.117371,Centrum,Most Lanfranconi,4,0,10,2022
#3 - River Park,2022-10-15,590,565,1155,24,48.13956,17.117371,Centrum,Most Lanfranconi,5,1,10,2022
#3 - River Park,2022-10-16,601,604,1205,24,48.13956,17.117371,Centrum,Most Lanfranconi,6,1,10,2022
#3 - River Park,2022-10-17,88,143,231,24,48.13956,17.117371,Centrum,Most Lanfranconi,0,0,10,2022
#3 - River Park,2022-10-18,148,161,309,24,48.13956,17.117371,Centrum,Most Lanfranconi,1,0,10,2022
#3 - River Park,2022-10-19,529,745,1274,24,48.13956,17.117371,Centrum,Most Lanfranconi,2,0,10,2022
#3 - River Park,2022-10-20,215,255,470,24,48.13956,17.117371,Centrum,Most Lanfranconi,3,0,10,2022
#3 - River Park,2022-10-21,230,299,529,24,48.13956,17.117371,Centrum,Most Lanfranconi,4,0,10,2022
#3 - River Park,2022-10-22,281,295,576,24,48.13956,17.117371,Centrum,Most Lanfranconi,5,1,10,2022
#3 - River Park,2022-10-23,598,588,1186,24,48.13956,17.117371,Centrum,Most Lanfranconi,6,1,10,2022
#3 - River Park,2022-10-24,29,52,81,24,48.13956,17.117371,Centrum,Most Lanfranconi,0,0,10,2022
#3 - River Park,2022-10-25,597,588,1185,24,48.13956,17.117371,Centrum,Most Lanfranconi,1,0,10,2022
#3 - River Park,2022-10-26,597,599,1196,24,48.13956,17.117371,Centrum,Most Lanfranconi,2,0,10,2022
#3 - River Park,2022-10-27,602,595,1197,24,48.13956,17.117371,Centrum,Most Lanfranconi,3,0,10,2022
#3 - River Park,2022-10-28,600,604,1204,24,48.13956,17.117371,Centrum,Most Lanfranconi,4,0,10,2022
#3 - River Park,2022-10-29,604,599,1203,24,48.13956,17.117371,Centrum,Most Lanfranconi,5,1,10,2022
#3 - River Park,2022-10-30,595,601,1196,24,48.13956,17.117371,Centrum,Most Lanfranconi,6,1,10,2022
#3 - River Park,2022-10-31,602,606,1208,24,48.13956,17.117371,Centrum,Most Lanfranconi,0,0,10,2022
#4 - Dolnozemská,2022-09-06,1390,1400,2790,24,48.112534,17.128937,Dunajská hrázda,Petržalka,1,0,9,2022
#4 - Dolnozemská,2022-09-07,1793,974,2767,24,48.112534,17.128937,Dunajská hrázda,Petržalka,2,0,9,2022
#4 - Dolnozemská,2022-09-08,996,594,1590,24,48.112534,17.128937,Dunajská hrázda,Petržalka,3,0,9,2022
#4 - Dolnozemská,2022-09-09,1511,1054,2565,24,48.112534,17.128937,Dunajská hrázda,Petržalka,4,0,9,2022
#4 - Dolnozemská,2022-09-10,1437,987,2424,24,48.112534,17.128937,Dunajská hrázda,Petržalka,5,1,9,2022
#4 - Dolnozemská,2022-09-11,885,477,1362,24,48.112534,17.128937,Dunajská hrázda,Petržalka,6,1,9,2022
#4 - Dolnozemská,2022-09-12,1100,600,1700,24,48.112534,17.128937,Dunajská hrázda,Petržalka,0,0,9,2022
#4 - Dolnozemská,2022-09-13,1680,921,2601,24,48.112534,17.128937,Dunajská hrázda,Petržalka,1,0,9,2022
#4 - Dolnozemská,2022-09-14,925,495,1420,24,48.112534,17.128937,Dunajská hrázda,Petržalka,2,0,9,2022
#4 - Dolnozemská,2022-09-15,1151,592,1743,24,48.112534,17.128937,Dunajská hrázda,Petržalka,3,0,9,2022
#4 - Dolnozemská,2022-09-16,736,482,1218,24,48.112534,17.128937,Dunajská hrázda,Petržalka,4,0,9,2022
#4 - Dolnozemská,2022-09-17,654,459,1113,24,48.112534,17.128937,Dunajská hrázda,Petržalka,5,1,9,2022
#4 - Dolnozemská,2022-09-18,417,184,601,24,48.112534,17.128937,Dunajská hrázda,Petržalka,6,1,9,2022
#4 - Dolnozemská,2022-09-19,170,76,246,24,48.112534,17.128937,Dunajská hrázda,Petržalka,0,0,9,2022
#4 - Dolnozemská,2022-09-20,292,152,444,24,48.112534,17.128937,Dunajská hrázda,Petržalka,1,0,9,2022
#4 - Dolnozemská,2022-09-21,742,440,1182,24,48.112534,17.128937,Dunajská hrázda,Petržalka,2,0,9,2022
#4 - Dolnozemská,2022-09-22,808,441,1249,24,48.112534,17.128937,Dunajská hrázda,Petržalka,3,0,9,2022
#4 - Dolnozemská,2022-09-23,961,523,1484,24,48.112534,17.128937,Dunajská hrázda,Petržalka,4,0,9,2022
#4 - Dolnozemská,2022-09-24,1531,1119,2650,24,48.112534,17.128937,Dunajská hrázda,Petržalka,5,1,9,2022
#4 - Dolnozemská,2022-09-25,616,385,1001,24,48.112534,17.128937,Dunajská hrázda,Petržalka,6,1,9,2022
#4 - Dolnozemská,2022-09-26,942,447,1389,24,48.112534,17.128937,Dunajská hrázda,Petržalka,0,0,9,2022
#4 - Dolnozemská,2022-09-27,307,94,401,24,48.112534,17.128937,Dunajská hrázda,Petržalka,1,0,9,2022
#4 - Dolnozemská,2022-09-28,789,443,1232,24,48.112534,17.128937,Dunajská hrázda,Petržalka,2,0,9,2022
#4 - Dolnozemská,2022-09-29,598,343,941,24,48.112534,17.128937,Dunajská hrázda,Petržalka,3,0,9,2022
#4 - Dolnozemská,2022-09-30,311,163,474,24,48.112534,17.128937,Dunajská hrázda,Petržalka,4,0,9,2022
#4 - Dolnozemská,2022-10-01,627,495,1122,24,48.112534,17.128937,Dunajská hrázda,Petržalka,5,1,10,2022
#4 - Dolnozemská,2022-10-02,855,601,1456,24,48.112534,17.128937,Dunajská hrázda,Petržalka,6,1,10,2022
#4 - Dolnozemská,2022-10-03,327,169,496,24,48.112534,17.128937,Dunajská hrázda,Petržalka,0,0,10,2022
#4 - Dolnozemská,2022-10-04,574,354,928,24,48.112534,17.128937,Dunajská hrázda,Petržalka,1,0,10,2022
#4 - Dolnozemská,2022-10-05,839,555,1394,24,48.112534,17.128937,Dunajská hrázda,Petržalka,2,0,10,2022
#4 - Dolnozemská,2022-10-06,1355,638,1993,24,48.112534,17.128937,Dunajská hrázda,Petržalka,3,0,10,2022
#4 - Dolnozemská,2022-10-07,926,392,1318,24,48.112534,17.128937,Dunajská hrázda,Petržalka,4,0,10,2022
#4 - Dolnozemská,2022-10-08,1685,976,2661,24,48.112534,17.128937,Dunajská hrázda,Petržalka,5,1,10,2022
#4 - Dolnozemská,2022-10-09,1627,812,2439,24,48.112534,17.128937,Dunajská hrázda,Petržalka,6,1,10,2022
#4 - Dolnozemská,2022-10-10,532,225,757,24,48.112534,17.128937,Dunajská hrázda,Petržalka,0,0,10,2022
#4 - Dolnozemská,2022-10-11,853,368,1221,24,48.112534,17.128937,Dunajská hrázda,Petržalka,1,0,10,2022
#4 - Dolnozemská,2022-10-12,797,464,1261,24,48.112534,17.128937,Dunajská hrázda,Petržalka,2,0,10,2022
#4 - Dolnozemská,2022-10-13,743,429,1172,24,48.112534,17.128937,Dunajská hrázda,Petržalka,3,0,10,2022
#4 - Dolnozemská,2022-10-14,600,281,881,24,48.112534,17.128937,Dunajská hrázda,Petržalka,4,0,10,2022
#4 - Dolnozemská,2022-10-15,197,93,290,24,48.112534,17.128937,Dunajská hrázda,Petržalka,5,1,10,2022
#4 - Dolnozemská,2022-10-16,1272,293,1565,24,48.112534,17.128937,Dunajská hrázda,Petržalka,6,1,10,2022
#4 - Dolnozemská,2022-10-17,711,132,843,24,48.112534,17.128937,Dunajská hrázda,Petržalka,0,0,10,2022
#4 - Dolnozemská,2022-10-18,809,161,970,24,48.112534,17.128937,Dunajská hrázda,Petržalka,1,0,10,2022
#4 - Dolnozemská,2022-10-19,559,339,898,24,48.112534,17.128937,Dunajská hrázda,Petržalka,2,0,10,2022
#4 - Dolnozemská,2022-10-20,522,216,738,24,48.112534,17.128937,Dunajská hrázda,Petržalka,3,0,10,2022
#4 - Dolnozemská,2022-10-21,354,161,515,24,48.112534,17.128937,Dunajská hrázda,Petržalka,4,0,10,2022
#4 - Dolnozemská,2022-10-22,254,166,420,24,48.112534,17.128937,Dunajská hrázda,Petržalka,5,1,10,2022
#4 - Dolnozemská,2022-10-23,564,326,890,24,48.112534,17.128937,Dunajská hrázda,Petržalka,6,1,10,2022
#4 - Dolnozemská,2022-10-24,490,157,647,24,48.112534,17.128937,Dunajská hrázda,Petržalka,0,0,10,2022
#4 - Dolnozemská,2022-10-25,691,174,865,24,48.112534,17.128937,Dunajská hrázda,Petržalka,1,0,10,2022
#4 - Dolnozemská,2022-10-26,437,194,631,24,48.112534,17.128937,Dunajská hrázda,Petržalka,2,0,10,2022
#4 - Dolnozemská,2022-10-27,509,282,791,24,48.112534,17.128937,Dunajská hrázda,Petržalka,3,0,10,2022
#4 - Dolnozemská,2022-10-28,217,91,308,24,48.112534,17.128937,Dunajská hrázda,Petržalka,4,0,10,2022
#4 - Dolnozemská,2022-10-29,295,105,400,24,48.112534,17.128937,Dunajská hrázda,Petržalka,5,1,10,2022
#4 - Dolnozemská,2022-10-30,434,187,621,24,48.112534,17.128937,Dunajská hrázda,Petržalka,6,1,10,2022
#4 - Dolnozemská,2022-10-31,271,273,544,24,48.112534,17.128937,Dunajská hrázda,Petržalka,0,0,10,2022
Cyklomost Slobody,2022-09-06,257,324,581,24,48.21065,16.969,Cyklomost Slobody Pedestrians IN - na Slovensko,Cyklomost Slobody Pedestrians OUT - zo Slovenska,1,0,9,2022
Cyklomost Slobody,2022-09-07,372,290,662,24,48.21065,16.969,Cyklomost Slobody Pedestrians IN - na Slovensko,Cyklomost Slobody Pedestrians OUT - zo Slovenska,2,0,9,2022
Cyklomost Slobody,2022-09-08,119,121,240,24,48.21065,16.969,Cyklomost Slobody Pedestrians IN - na Slovensko,Cyklomost Slobody Pedestrians OUT - zo Slovenska,3,0,9,2022
Cyklomost Slobody,2022-09-09,323,230,553,24,48.21065,16.969,Cyklomost Slobody Pedestrians IN - na Slovensko,Cyklomost Slobody Pedestrians OUT - zo Slovenska,4,0,9,2022
Cyklomost Slobody,2022-09-10,400,348,748,24,48.21065,16.969,Cyklomost Slobody Pedestrians IN - na Slovensko,Cyklomost Slobody Pedestrians OUT - zo Slovenska,5,1,9,2022
Cyklomost Slobody,2022-09-11,276,220,496,24,48.21065,16.969,Cyklomost Slobody Pedestrians IN - na Slovensko,Cyklomost Slobody Pedestrians OUT - zo Slovenska,6,1,9,2022
Cyklomost Slobody,2022-09-12,257,153,410,24,48.21065,16.969,Cyklomost Slobody Pedestrians IN - na Slovensko,Cyklomost Slobody Pedestrians OUT - zo Slovenska,0,0,9,2022
Cyklomost Slobody,2022-09-13,327,430,757,24,48.21065,16.969,Cyklomost Slobody Pedestrians IN - na Slovensko,Cyklomost Slobody Pedestrians OUT - zo Slovenska,1,0,9,2022
Cyklomost Slobody,2022-09-14,157,125,282,24,48.21065,16.969,Cyklomost Slobody Pedestrians IN - na Slovensko,Cyklomost Slobody Pedestrians OUT - zo Slovenska,2,0,9,2022
Cyklomost Slobody,2022-09-15,299,260,559,24,48.21065,16.969,Cyklomost Slobody Pedestrians IN - na Slovensko,Cyklomost Slobody Pedestrians OUT - zo Slovenska,3,0,9,2022
Cyklomost Slobody,2022-09-16,177,146,323,24,48.21065,16.969,Cyklomost Slobody Pedestrians IN - na Slovensko,Cyklomost Slobody Pedestrians OUT - zo Slovenska,4,0,9,2022
Cyklomost Slobody,2022-09-17,173,169,342,24,48.21065,16.969,Cyklomost Slobody Pedestrians IN - na Slovensko,Cyklomost Slobody Pedestrians OUT - zo Slovenska,5,1,9,2022
Cyklomost Slobody,2022-09-18,85,124,209,24,48.21065,16.969,Cyklomost Slobody Pedestrians IN - na Slovensko,Cyklomost Slobody Pedestrians OUT - zo Slovenska,6,1,9,2022
Cyklomost Slobody,2022-09-19,22,144,166,24,48.21065,16.969,Cyklomost Slobody Pedestrians IN - na Slovensko,Cyklomost Slobody Pedestrians OUT - zo Slovenska,0,0,9,2022
Cyklomost Slobody,2022-09-20,43,127,170,24,48.21065,16.969,Cyklomost Slobody Pedestrians IN - na Slovensko,Cyklomost Slobody Pedestrians OUT - zo Slovenska,1,0,9,2022
Cyklomost Slobody,2022-09-21,164,213,377,24,48.21065,16.969,Cyklomost Slobody Pedestrians IN - na Slovensko,Cyklomost Slobody Pedestrians OUT - zo Slovenska,2,0,9,2022
Cyklomost Slobody,2022-09-22,152,132,284,24,48.21065,16.969,Cyklomost Slobody Pedestrians IN - na Slovensko,Cyklomost Slobody Pedestrians OUT - zo Slovenska,3,0,9,2022
Cyklomost Slobody,2022-09-23,259,232,491,24,48.21065,16.969,Cyklomost Slobody Pedestrians IN - na Slovensko,Cyklomost Slobody Pedestrians OUT - zo Slovenska,4,0,9,2022
Cyklomost Slobody,2022-09-24,575,858,1433,24,48.21065,16.969,Cyklomost Slobody Pedestrians IN - na Slovensko,Cyklomost Slobody Pedestrians OUT - zo Slovenska,5,1,9,2022
Cyklomost Slobody,2022-09-25,153,161,314,24,48.21065,16.969,Cyklomost Slobody Pedestrians IN - na Slovensko,Cyklomost Slobody Pedestrians OUT - zo Slovenska,6,1,9,2022
Cyklomost Slobody,2022-09-26,177,116,293,24,48.21065,16.969,Cyklomost Slobody Pedestrians IN - na Slovensko,Cyklomost Slobody Pedestrians OUT - zo Slovenska,0,0,9,2022
Cyklomost Slobody,2022-09-27,56,105,161,24,48.21065,16.969,Cyklomost Slobody Pedestrians IN - na Slovensko,Cyklomost Slobody Pedestrians OUT - zo Slovenska,1,0,9,2022
Cyklomost Slobody,2022-09-28,148,113,261,24,48.21065,16.969,Cyklomost Slobody Pedestrians IN - na Slovensko,Cyklomost Slobody Pedestrians OUT - zo Slovenska,2,0,9,2022
Cyklomost Slobody,2022-09-29,133,97,230,24,48.21065,16.969,Cyklomost Slobody Pedestrians IN - na Slovensko,Cyklomost Slobody Pedestrians OUT - zo Slovenska,3,0,9,2022
Cyklomost Slobody,2022-09-30,66,66,132,24,48.21065,16.969,Cyklomost Slobody Pedestrians IN - na Slovensko,Cyklomost Slobody Pedestrians OUT - zo Slovenska,4,0,9,2022
Cyklomost Slobody,2022-10-01,201,208,409,24,48.21065,16.969,Cyklomost Slobody Pedestrians IN - na Slovensko,Cyklomost Slobody Pedestrians OUT - zo Slovenska,5,1,10,2022
Cyklomost Slobody,2022-10-02,224,216,440,24,48.21065,16.969,Cyklomost Slobody Pedestrians IN - na Slovensko,Cyklomost Slobody Pedestrians OUT - zo Slovenska,6,1,10,2022
Cyklomost Slobody,2022-10-04,120,200,320,24,48.21065,16.969,Cyklomost Slobody Pedestrians IN - na Slovensko,Cyklomost Slobody Pedestrians OUT - zo Slovenska,1,0,10,2022
Cyklomost Slobody,2022-10-05,190,167,357,24,48.21065,16.969,Cyklomost Slobody Pedestrians IN - na Slovensko,Cyklomost Slobody Pedestrians OUT - zo Slovenska,2,0,10,2022
Cyklomost Slobody,2022-10-06,277,248,525,24,48.21065,16.969,Cyklomost Slobody Pedestrians IN - na Slovensko,Cyklomost Slobody Pedestrians OUT - zo Slovenska,3,0,10,2022
Cyklomost Slobody,2022-10-07,239,212,451,24,48.21065,16.969,Cyklomost Slobody Pedestrians IN - na Slovensko,Cyklomost Slobody Pedestrians OUT - zo Slovenska,4,0,10,2022
Cyklomost Slobody,2022-10-08,674,547,1221,24,48.21065,16.969,Cyklomost Slobody Pedestrians IN - na Slovensko,Cyklomost Slobody Pedestrians OUT - zo Slovenska,5,1,10,2022
Cyklomost Slobody,2022-10-09,597,453,1050,24,48.21065,16.969,Cyklomost Slobody Pedestrians IN - na Slovensko,Cyklomost Slobody Pedestrians OUT - zo Slovenska,6,1,10,2022
Cyklomost Slobody,2022-10-10,127,192,319,24,48.21065,16.969,Cyklomost Slobody Pedestrians IN - na Slovensko,Cyklomost Slobody Pedestrians OUT - zo Slovenska,0,0,10,2022
Cyklomost Slobody,2022-10-11,197,195,392,24,48.21065,16.969,Cyklomost Slobody Pedestrians IN - na Slovensko,Cyklomost Slobody Pedestrians OUT - zo Slovenska,1,0,10,2022
Cyklomost Slobody,2022-10-12,134,147,281,24,48.21065,16.969,Cyklomost Slobody Pedestrians IN - na Slovensko,Cyklomost Slobody Pedestrians OUT - zo Slovenska,2,0,10,2022
Cyklomost Slobody,2022-10-13,138,131,269,24,48.21065,16.969,Cyklomost Slobody Pedestrians IN - na Slovensko,Cyklomost Slobody Pedestrians OUT - zo Slovenska,3,0,10,2022
Cyklomost Slobody,2022-10-14,92,95,187,24,48.21065,16.969,Cyklomost Slobody Pedestrians IN - na Slovensko,Cyklomost Slobody Pedestrians OUT - zo Slovenska,4,0,10,2022
Cyklomost Slobody,2022-10-15,56,36,92,24,48.21065,16.969,Cyklomost Slobody Pedestrians IN - na Slovensko,Cyklomost Slobody Pedestrians OUT - zo Slovenska,5,1,10,2022
Cyklomost Slobody,2022-10-16,738,591,1329,24,48.21065,16.969,Cyklomost Slobody Pedestrians IN - na Slovensko,Cyklomost Slobody Pedestrians OUT - zo Slovenska,6,1,10,2022
Cyklomost Slobody,2022-10-17,151,148,299,24,48.21065,16.969,Cyklomost Slobody Pedestrians IN - na Slovensko,Cyklomost Slobody Pedestrians OUT - zo Slovenska,0,0,10,2022
Cyklomost Slobody,2022-10-18,305,231,536,24,48.21065,16.969,Cyklomost Slobody Pedestrians IN - na Slovensko,Cyklomost Slobody Pedestrians OUT - zo Slovenska,1,0,10,2022
Cyklomost Slobody,2022-10-19,114,108,222,24,48.21065,16.969,Cyklomost Slobody Pedestrians IN - na Slovensko,Cyklomost Slobody Pedestrians OUT - zo Slovenska,2,0,10,2022
Cyklomost Slobody,2022-10-20,129,106,235,24,48.21065,16.969,Cyklomost Slobody Pedestrians IN - na Slovensko,Cyklomost Slobody Pedestrians OUT - zo Slovenska,3,0,10,2022
Cyklomost Slobody,2022-10-21,52,48,100,24,48.21065,16.969,Cyklomost Slobody Pedestrians IN - na Slovensko,Cyklomost Slobody Pedestrians OUT - zo Slovenska,4,0,10,2022
Cyklomost Slobody,2022-10-22,68,78,146,24,48.21065,16.969,Cyklomost Slobody Pedestrians IN - na Slovensko,Cyklomost Slobody Pedestrians OUT - zo Slovenska,5,1,10,2022
Cyklomost Slobody,2022-10-23,409,343,752,24,48.21065,16.969,Cyklomost Slobody Pedestrians IN - na Slovensko,Cyklomost Slobody Pedestrians OUT - zo Slovenska,6,1,10,2022
Cyklomost Slobody,2022-10-24,80,71,151,24,48.21065,16.969,Cyklomost Slobody Pedestrians IN - na Slovensko,Cyklomost Slobody Pedestrians OUT - zo Slovenska,0,0,10,2022
Cyklomost Slobody,2022-10-25,216,175,391,24,48.21065,16.969,Cyklomost Slobody Pedestrians IN - na Slovensko,Cyklomost Slobody Pedestrians OUT - zo Slovenska,1,0,10,2022
Cyklomost Slobody,2022-10-26,93,95,188,24,48.21065,16.969,Cyklomost Slobody Pedestrians IN - na Slovensko,Cyklomost Slobody Pedestrians OUT - zo Slovenska,2,0,10,2022
Cyklomost Slobody,2022-10-27,175,147,322,24,48.21065,16.969,Cyklomost Slobody Pedestrians IN - na Slovensko,Cyklomost Slobody Pedestrians OUT - zo Slovenska,3,0,10,2022
Cyklomost Slobody,2022-10-28,86,76,162,24,48.21065,16.969,Cyklomost Slobody Pedestrians IN - na Slovensko,Cyklomost Slobody Pedestrians OUT - zo Slovenska,4,0,10,2022
Cyklomost Slobody,2022-10-29,108,90,198,24,48.21065,16.969,Cyklomost Slobody Pedestrians IN - na Slovensko,Cyklomost Slobody Pedestrians OUT - zo Slovenska,5,1,10,2022
Cyklomost Slobody,2022-10-30,205,197,402,24,48.21065,16.969,Cyklomost Slobody Pedestrians IN - na Slovensko,Cyklomost Slobody Pedestrians OUT - zo Slovenska,6,1,10,2022
Cyklomost Slobody,2022-10-31,107,98,205,24,48.21065,16.969,Cyklomost Slobody Pedestrians IN - na Slovensko,Cyklomost Slobody Pedestrians OUT - zo Slovenska,0,0,10,2022
Devinska Nova Ves,2022-09-06,44,223,267,24,48.197826,16.972652,do Devína,do Devínskej Novej Vsi,1,0,9,2022
Devinska Nova Ves,2022-09-07,54,189,243,24,48.197826,16.972652,do Devína,do Devínskej Novej Vsi,2,0,9,2022
Devinska Nova Ves,2022-09-08,19,67,86,24,48.197826,16.972652,do Devína,do Devínskej Novej Vsi,3,0,9,2022
Devinska Nova Ves,2022-09-09,43,150,193,24,48.197826,16.972652,do Devína,do Devínskej Novej Vsi,4,0,9,2022
Devinska Nova Ves,2022-09-10,46,209,255,24,48.197826,16.972652,do Devína,do Devínskej Novej Vsi,5,1,9,2022
Devinska Nova Ves,2022-09-11,58,149,207,24,48.197826,16.972652,do Devína,do Devínskej Novej Vsi,6,1,9,2022
Devinska Nova Ves,2022-09-12,43,99,142,24,48.197826,16.972652,do Devína,do Devínskej Novej Vsi,0,0,9,2022
Devinska Nova Ves,2022-09-13,52,250,302,24,48.197826,16.972652,do Devína,do Devínskej Novej Vsi,1,0,9,2022
Devinska Nova Ves,2022-09-14,22,60,82,24,48.197826,16.972652,do Devína,do Devínskej Novej Vsi,2,0,9,2022
Devinska Nova Ves,2022-09-15,43,121,164,24,48.197826,16.972652,do Devína,do Devínskej Novej Vsi,3,0,9,2022
Devinska Nova Ves,2022-09-16,15,58,73,24,48.197826,16.972652,do Devína,do Devínskej Novej Vsi,4,0,9,2022
Devinska Nova Ves,2022-09-17,42,87,129,24,48.197826,16.972652,do Devína,do Devínskej Novej Vsi,5,1,9,2022
Devinska Nova Ves,2022-09-18,14,48,62,24,48.197826,16.972652,do Devína,do Devínskej Novej Vsi,6,1,9,2022
Devinska Nova Ves,2022-09-19,5,111,116,24,48.197826,16.972652,do Devína,do Devínskej Novej Vsi,0,0,9,2022
Devinska Nova Ves,2022-09-20,11,83,94,24,48.197826,16.972652,do Devína,do Devínskej Novej Vsi,1,0,9,2022
Devinska Nova Ves,2022-09-21,26,110,136,24,48.197826,16.972652,do Devína,do Devínskej Novej Vsi,2,0,9,2022
Devinska Nova Ves,2022-09-22,24,65,89,24,48.197826,16.972652,do Devína,do Devínskej Novej Vsi,3,0,9,2022
Devinska Nova Ves,2022-09-23,41,141,182,24,48.197826,16.972652,do Devína,do Devínskej Novej Vsi,4,0,9,2022
Devinska Nova Ves,2022-09-24,129,554,683,24,48.197826,16.972652,do Devína,do Devínskej Novej Vsi,5,1,9,2022
Devinska Nova Ves,2022-09-25,22,59,81,24,48.197826,16.972652,do Devína,do Devínskej Novej Vsi,6,1,9,2022
Devinska Nova Ves,2022-09-26,30,57,87,24,48.197826,16.972652,do Devína,do Devínskej Novej Vsi,0,0,9,2022
Devinska Nova Ves,2022-09-27,14,75,89,24,48.197826,16.972652,do Devína,do Devínskej Novej Vsi,1,0,9,2022
Devinska Nova Ves,2022-09-28,32,66,98,24,48.197826,16.972652,do Devína,do Devínskej Novej Vsi,2,0,9,2022
Devinska Nova Ves,2022-09-29,15,52,67,24,48.197826,16.972652,do Devína,do Devínskej Novej Vsi,3,0,9,2022
Devinska Nova Ves,2022-09-30,11,18,29,24,48.197826,16.972652,do Devína,do Devínskej Novej Vsi,4,0,9,2022
Devinska Nova Ves,2022-10-02,22,113,135,24,48.197826,16.972652,do Devína,do Devínskej Novej Vsi,6,1,10,2022
Devinska Nova Ves,2022-10-03,12,38,50,24,48.197826,16.972652,do Devína,do Devínskej Novej Vsi,0,0,10,2022
Devinska Nova Ves,2022-10-04,21,110,131,24,48.197826,16.972652,do Devína,do Devínskej Novej Vsi,1,0,10,2022
Devinska Nova Ves,2022-10-05,27,108,135,24,48.197826,16.972652,do Devína,do Devínskej Novej Vsi,2,0,10,2022
Devinska Nova Ves,2022-10-06,33,133,166,24,48.197826,16.972652,do Devína,do Devínskej Novej Vsi,3,0,10,2022
Devinska Nova Ves,2022-10-07,38,140,178,24,48.197826,16.972652,do Devína,do Devínskej Novej Vsi,4,0,10,2022
Devinska Nova Ves,2022-10-08,97,299,396,24,48.197826,16.972652,do Devína,do Devínskej Novej Vsi,5,1,10,2022
Devinska Nova Ves,2022-10-09,77,218,295,24,48.197826,16.972652,do Devína,do Devínskej Novej Vsi,6,1,10,2022
Devinska Nova Ves,2022-10-10,21,121,142,24,48.197826,16.972652,do Devína,do Devínskej Novej Vsi,0,0,10,2022
Devinska Nova Ves,2022-10-11,29,82,111,24,48.197826,16.972652,do Devína,do Devínskej Novej Vsi,1,0,10,2022
Devinska Nova Ves,2022-10-12,26,56,82,24,48.197826,16.972652,do Devína,do Devínskej Novej Vsi,2,0,10,2022
Devinska Nova Ves,2022-10-13,26,80,106,24,48.197826,16.972652,do Devína,do Devínskej Novej Vsi,3,0,10,2022
Devinska Nova Ves,2022-10-14,21,43,64,24,48.197826,16.972652,do Devína,do Devínskej Novej Vsi,4,0,10,2022
Devinska Nova Ves,2022-10-15,8,23,31,24,48.197826,16.972652,do Devína,do Devínskej Novej Vsi,5,1,10,2022
Devinska Nova Ves,2022-10-16,65,319,384,24,48.197826,16.972652,do Devína,do Devínskej Novej Vsi,6,1,10,2022
Devinska Nova Ves,2022-10-17,25,99,124,24,48.197826,16.972652,do Devína,do Devínskej Novej Vsi,0,0,10,2022
Devinska Nova Ves,2022-10-18,31,135,166,24,48.197826,16.972652,do Devína,do Devínskej Novej Vsi,1,0,10,2022
Devinska Nova Ves,2022-10-19,22,69,91,24,48.197826,16.972652,do Devína,do Devínskej Novej Vsi,2,0,10,2022
Devinska Nova Ves,2022-10-20,21,58,79,24,48.197826,16.972652,do Devína,do Devínskej Novej Vsi,3,0,10,2022
Devinska Nova Ves,2022-10-21,10,19,29,24,48.197826,16.972652,do Devína,do Devínskej Novej Vsi,4,0,10,2022
Devinska Nova Ves,2022-10-22,11,40,51,24,48.197826,16.972652,do Devína,do Devínskej Novej Vsi,5,1,10,2022
Devinska Nova Ves,2022-10-23,38,130,168,24,48.197826,16.972652,do Devína,do Devínskej Novej Vsi,6,1,10,2022
Devinska Nova Ves,2022-10-24,12,36,48,24,48.197826,16.972652,do Devína,do Devínskej Novej Vsi,0,0,10,2022
Devinska Nova Ves,2022-10-25,25,87,112,24,48.197826,16.972652,do Devína,do Devínskej Novej Vsi,1,0,10,2022
Devinska Nova Ves,2022-10-26,16,41,57,24,48.197826,16.972652,do Devína,do Devínskej Novej Vsi,2,0,10,2022
Devinska Nova Ves,2022-10-27,26,66,92,24,48.197826,16.972652,do Devína,do Devínskej Novej Vsi,3,0,10,2022
Devinska Nova Ves,2022-10-28,13,27,40,24,48.197826,16.972652,do Devína,do Devínskej Novej Vsi,4,0,10,2022
Devinska Nova Ves,2022-10-29,20,39,59,24,48.197826,16.972652,do Devína,do Devínskej Novej Vsi,5,1,10,2022
Devinska Nova Ves,2022-10-30,27,63,90,24,48.197826,16.972652,do Devína,do Devínskej Novej Vsi,6,1,10,2022
Hradza Berg,2022-09-06,438,58,496,24,48.123215,17.068983,Do Slovenska,Do Rakuska,1,0,9,2022
Hradza Berg,2022-09-07,499,75,574,24,48.123215,17.068983,Do Slovenska,Do Rakuska,2,0,9,2022
Hradza Berg,2022-09-09,403,50,453,24,48.123215,17.068983,Do Slovenska,Do Rakuska,4,0,9,2022
Hradza Berg,2022-09-10,469,79,548,24,48.123215,17.068983,Do Slovenska,Do Rakuska,5,1,9,2022
Hradza Berg,2022-09-11,212,46,258,24,48.123215,17.068983,Do Slovenska,Do Rakuska,6,1,9,2022
Hradza Berg,2022-09-12,300,63,363,24,48.123215,17.068983,Do Slovenska,Do Rakuska,0,0,9,2022
Hradza Berg,2022-09-13,541,76,617,24,48.123215,17.068983,Do Slovenska,Do Rakuska,1,0,9,2022
Hradza Berg,2022-09-14,211,43,254,24,48.123215,17.068983,Do Slovenska,Do Rakuska,2,0,9,2022
Hradza Berg,2022-09-15,262,46,308,24,48.123215,17.068983,Do Slovenska,Do Rakuska,3,0,9,2022
Hradza Berg,2022-09-16,197,26,223,24,48.123215,17.068983,Do Slovenska,Do Rakuska,4,0,9,2022
Hradza Berg,2022-09-17,226,38,264,24,48.123215,17.068983,Do Slovenska,Do Rakuska,5,1,9,2022
Hradza Berg,2022-09-18,131,14,145,24,48.123215,17.068983,Do Slovenska,Do Rakuska,6,1,9,2022
Hradza Berg,2022-09-19,173,10,183,24,48.123215,17.068983,Do Slovenska,Do Rakuska,0,0,9,2022
Hradza Berg,2022-09-20,105,11,116,24,48.123215,17.068983,Do Slovenska,Do Rakuska,1,0,9,2022
Hradza Berg,2022-09-21,276,46,322,24,48.123215,17.068983,Do Slovenska,Do Rakuska,2,0,9,2022
Hradza Berg,2022-09-22,196,37,233,24,48.123215,17.068983,Do Slovenska,Do Rakuska,3,0,9,2022
Hradza Berg,2022-09-23,295,44,339,24,48.123215,17.068983,Do Slovenska,Do Rakuska,4,0,9,2022
Hradza Berg,2022-09-24,561,92,653,24,48.123215,17.068983,Do Slovenska,Do Rakuska,5,1,9,2022
Hradza Berg,2022-09-25,179,41,220,24,48.123215,17.068983,Do Slovenska,Do Rakuska,6,1,9,2022
Hradza Berg,2022-09-26,242,53,295,24,48.123215,17.068983,Do Slovenska,Do Rakuska,0,0,9,2022
Hradza Berg,2022-09-27,105,10,115,24,48.123215,17.068983,Do Slovenska,Do Rakuska,1,0,9,2022
Hradza Berg,2022-09-28,196,20,216,24,48.123215,17.068983,Do Slovenska,Do Rakuska,2,0,9,2022
Hradza Berg,2022-09-29,159,28,187,24,48.123215,17.068983,Do Slovenska,Do Rakuska,3,0,9,2022
Hradza Berg,2022-09-30,91,6,97,24,48.123215,17.068983,Do Slovenska,Do Rakuska,4,0,9,2022
Hradza Berg,2022-10-01,232,41,273,24,48.123215,17.068983,Do Slovenska,Do Rakuska,5,1,10,2022
Hradza Berg,2022-10-02,254,51,305,24,48.123215,17.068983,Do Slovenska,Do Rakuska,6,1,10,2022
Hradza Berg,2022-10-03,71,11,82,24,48.123215,17.068983,Do Slovenska,Do Rakuska,0,0,10,2022
Hradza Berg,2022-10-04,223,28,251,24,48.123215,17.068983,Do Slovenska,Do Rakuska,1,0,10,2022
Hradza Berg,2022-10-05,228,37,265,24,48.123215,17.068983,Do Slovenska,Do Rakuska,2,0,10,2022
Hradza Berg,2022-10-06,308,53,361,24,48.123215,17.068983,Do Slovenska,Do Rakuska,3,0,10,2022
Hradza Berg,2022-10-07,279,52,331,24,48.123215,17.068983,Do Slovenska,Do Rakuska,4,0,10,2022
Hradza Berg,2022-10-09,490,109,599,24,48.123215,17.068983,Do Slovenska,Do Rakuska,6,1,10,2022
Hradza Berg,2022-10-10,204,34,238,24,48.123215,17.068983,Do Slovenska,Do Rakuska,0,0,10,2022
Hradza Berg,2022-10-11,244,37,281,24,48.123215,17.068983,Do Slovenska,Do Rakuska,1,0,10,2022
Hradza Berg,2022-10-12,151,39,190,24,48.123215,17.068983,Do Slovenska,Do Rakuska,2,0,10,2022
Hradza Berg,2022-10-13,185,36,221,24,48.123215,17.068983,Do Slovenska,Do Rakuska,3,0,10,2022
Hradza Berg,2022-10-14,156,24,180,24,48.123215,17.068983,Do Slovenska,Do Rakuska,4,0,10,2022
Hradza Berg,2022-10-15,61,16,77,24,48.123215,17.068983,Do Slovenska,Do Rakuska,5,1,10,2022
Hradza Berg,2022-10-16,619,143,762,24,48.123215,17.068983,Do Slovenska,Do Rakuska,6,1,10,2022
Hradza Berg,2022-10-17,240,57,297,24,48.123215,17.068983,Do Slovenska,Do Rakuska,0,0,10,2022
Hradza Berg,2022-10-18,296,70,366,24,48.123215,17.068983,Do Slovenska,Do Rakuska,1,0,10,2022
Hradza Berg,2022-10-19,160,43,203,24,48.123215,17.068983,Do Slovenska,Do Rakuska,2,0,10,2022
Hradza Berg,2022-10-20,140,32,172,24,48.123215,17.068983,Do Slovenska,Do Rakuska,3,0,10,2022
Hradza Berg,2022-10-21,83,15,98,24,48.123215,17.068983,Do Slovenska,Do Rakuska,4,0,10,2022
Hradza Berg,2022-10-22,69,9,78,24,48.123215,17.068983,Do Slovenska,Do Rakuska,5,1,10,2022
Hradza Berg,2022-10-23,226,54,280,24,48.123215,17.068983,Do Slovenska,Do Rakuska,6,1,10,2022
Hradza Berg,2022-10-24,87,19,106,24,48.123215,17.068983,Do Slovenska,Do Rakuska,0,0,10,2022
Hradza Berg,2022-10-25,232,45,277,24,48.123215,17.068983,Do Slovenska,Do Rakuska,1,0,10,2022
Hradza Berg,2022-10-26,120,17,137,24,48.123215,17.068983,Do Slovenska,Do Rakuska,2,0,10,2022
Hradza Berg,2022-10-27,169,23,192,24,48.123215,17.068983,Do Slovenska,Do Rakuska,3,0,10,2022
Hradza Berg,2022-10-28,59,12,71,24,48.123215,17.068983,Do Slovenska,Do Rakuska,4,0,10,2022
Hradza Berg,2022-10-29,118,25,143,24,48.123215,17.068983,Do Slovenska,Do Rakuska,5,1,10,2022
Hradza Berg,2022-10-30,161,29,190,24,48.123215,17.068983,Do Slovenska,Do Rakuska,6,1,10,2022
Hradza Berg,2022-10-31,78,19,97,24,48.123215,17.068983,Do Slovenska,Do Rakuska,0,0,10,2022
Viedenska,2022-09-06,797,65,862,24,48.136692,17.10638,k Staremu mostu,k Mostu SNP,1,0,9,2022
Viedenska,2022-09-07,1044,84,1128,24,48.136692,17.10638,k Staremu mostu,k Mostu SNP,2,0,9,2022
Viedenska,2022-09-08,495,34,529,24,48.136692,17.10638,k Staremu mostu,k Mostu SNP,3,0,9,2022
Viedenska,2022-09-09,917,65,982,24,48.136692,17.10638,k Staremu mostu,k Mostu SNP,4,0,9,2022
Viedenska,2022-09-11,386,35,421,24,48.136692,17.10638,k Staremu mostu,k Mostu SNP,6,1,9,2022
Viedenska,2022-09-12,608,46,654,24,48.136692,17.10638,k Staremu mostu,k Mostu SNP,0,0,9,2022
Viedenska,2022-09-13,948,85,1033,24,48.136692,17.10638,k Staremu mostu,k Mostu SNP,1,0,9,2022
Viedenska,2022-09-14,454,42,496,24,48.136692,17.10638,k Staremu mostu,k Mostu SNP,2,0,9,2022
Viedenska,2022-09-15,514,65,579,24,48.136692,17.10638,k Staremu mostu,k Mostu SNP,3,0,9,2022
Viedenska,2022-09-16,494,27,521,24,48.136692,17.10638,k Staremu mostu,k Mostu SNP,4,0,9,2022
Viedenska,2022-09-17,434,56,490,24,48.136692,17.10638,k Staremu mostu,k Mostu SNP,5,1,9,2022
Viedenska,2022-09-18,252,29,281,24,48.136692,17.10638,k Staremu mostu,k Mostu SNP,6,1,9,2022
Viedenska,2022-09-19,130,11,141,24,48.136692,17.10638,k Staremu mostu,k Mostu SNP,0,0,9,2022
Viedenska,2022-09-20,177,10,187,24,48.136692,17.10638,k Staremu mostu,k Mostu SNP,1,0,9,2022
Viedenska,2022-09-21,505,68,573,24,48.136692,17.10638,k Staremu mostu,k Mostu SNP,2,0,9,2022
Viedenska,2022-09-22,535,36,571,24,48.136692,17.10638,k Staremu mostu,k Mostu SNP,3,0,9,2022
Viedenska,2022-09-23,626,61,687,24,48.136692,17.10638,k Staremu mostu,k Mostu SNP,4,0,9,2022
Viedenska,2022-09-24,831,115,946,24,48.136692,17.10638,k Staremu mostu,k Mostu SNP,5,1,9,2022
Viedenska,2022-09-25,326,56,382,24,48.136692,17.10638,k Staremu mostu,k Mostu SNP,6,1,9,2022
Viedenska,2022-09-26,449,38,487,24,48.136692,17.10638,k Staremu mostu,k Mostu SNP,0,0,9,2022
Viedenska,2022-09-27,252,26,278,24,48.136692,17.10638,k Staremu mostu,k Mostu SNP,1,0,9,2022
Viedenska,2022-09-28,494,58,552,24,48.136692,17.10638,k Staremu mostu,k Mostu SNP,2,0,9,2022
Viedenska,2022-09-29,428,40,468,24,48.136692,17.10638,k Staremu mostu,k Mostu SNP,3,0,9,2022
Viedenska,2022-09-30,228,19,247,24,48.136692,17.10638,k Staremu mostu,k Mostu SNP,4,0,9,2022
Viedenska,2022-10-01,422,61,483,24,48.136692,17.10638,k Staremu mostu,k Mostu SNP,5,1,10,2022
Viedenska,2022-10-02,433,48,481,24,48.136692,17.10638,k Staremu mostu,k Mostu SNP,6,1,10,2022
Viedenska,2022-10-03,303,17,320,24,48.136692,17.10638,k Staremu mostu,k Mostu SNP,0,0,10,2022
Viedenska,2022-10-04,474,37,511,24,48.136692,17.10638,k Staremu mostu,k Mostu SNP,1,0,10,2022
Viedenska,2022-10-05,465,85,550,24,48.136692,17.10638,k Staremu mostu,k Mostu SNP,2,0,10,2022
Viedenska,2022-10-06,851,54,905,24,48.136692,17.10638,k Staremu mostu,k Mostu SNP,3,0,10,2022
Viedenska,2022-10-07,679,51,730,24,48.136692,17.10638,k Staremu mostu,k Mostu SNP,4,0,10,2022
Viedenska,2022-10-08,946,138,1084,24,48.136692,17.10638,k Staremu mostu,k Mostu SNP,5,1,10,2022
Viedenska,2022-10-09,779,72,851,24,48.136692,17.10638,k Staremu mostu,k Mostu SNP,6,1,10,2022
Viedenska,2022-10-11,585,53,638,24,48.136692,17.10638,k Staremu mostu,k Mostu SNP,1,0,10,2022
Viedenska,2022-10-12,433,89,522,24,48.136692,17.10638,k Staremu mostu,k Mostu SNP,2,0,10,2022
Viedenska,2022-10-13,536,53,589,24,48.136692,17.10638,k Staremu mostu,k Mostu SNP,3,0,10,2022
Viedenska,2022-10-14,396,33,429,24,48.136692,17.10638,k Staremu mostu,k Mostu SNP,4,0,10,2022
Viedenska,2022-10-15,117,13,130,24,48.136692,17.10638,k Staremu mostu,k Mostu SNP,5,1,10,2022
Viedenska,2022-10-16,1056,170,1226,24,48.136692,17.10638,k Staremu mostu,k Mostu SNP,6,1,10,2022
Viedenska,2022-10-17,610,62,672,24,48.136692,17.10638,k Staremu mostu,k Mostu SNP,0,0,10,2022
Viedenska,2022-10-18,725,75,800,24,48.136692,17.10638,k Staremu mostu,k Mostu SNP,1,0,10,2022
Viedenska,2022-10-19,492,55,547,24,48.136692,17.10638,k Staremu mostu,k Mostu SNP,2,0,10,2022
Viedenska,2022-10-20,431,51,482,24,48.136692,17.10638,k Staremu mostu,k Mostu SNP,3,0,10,2022
Viedenska,2022-10-21,259,32,291,24,48.136692,17.10638,k Staremu mostu,k Mostu SNP,4,0,10,2022
Viedenska,2022-10-22,161,16,177,24,48.136692,17.10638,k Staremu mostu,k Mostu SNP,5,1,10,2022
Viedenska,2022-10-23,336,88,424,24,48.136692,17.10638,k Staremu mostu,k Mostu SNP,6,1,10,2022
Viedenska,2022-10-24,268,34,302,24,48.136692,17.10638,k Staremu mostu,k Mostu SNP,0,0,10,2022
Viedenska,2022-10-25,568,92,660,24,48.136692,17.10638,k Staremu mostu,k Mostu SNP,1,0,10,2022
Viedenska,2022-10-26,283,45,328,24,48.136692,17.10638,k Staremu mostu,k Mostu SNP,2,0,10,2022
Viedenska,2022-10-27,369,59,428,24,48.136692,17.10638,k Staremu mostu,k Mostu SNP,3,0,10,2022
Viedenska,2022-10-28,205,31,236,24,48.136692,17.10638,k Staremu mostu,k Mostu SNP,4,0,10,2022
Viedenska,2022-10-29,182,49,231,24,48.136692,17.10638,k Staremu mostu,k Mostu SNP,5,1,10,2022
Viedenska,2022-10-30,283,45,328,24,48.136692,17.10638,k Staremu mostu,k Mostu SNP,6,1,10,2022
Viedenska,2022-10-31,182,20,202,24,48.136692,17.10638,k Staremu mostu,k Mostu SNP,0,0,10,2022
#1 - Starý Most,2023-09-06,1121,145,1266,24,48.110442,17.127512,Centrum,Petržalka,2,0,9,2023
#1 - Starý Most,2023-09-07,1117,127,1244,24,48.110442,17.127512,Centrum,Petržalka,3,0,9,2023
#1 - Starý Most,2023-09-08,978,139,1117,24,48.110442,17.127512,Centrum,Petržalka,4,0,9,2023
#1 - Starý Most,2023-09-09,4,0,4,24,48.110442,17.127512,Centrum,Petržalka,5,1,9,2023
#1 - Starý Most,2023-09-10,1059,97,1156,24,48.110442,17.127512,Centrum,Petržalka,6,1,9,2023
#1 - Starý Most,2023-09-11,994,122,1116,24,48.110442,17.127512,Centrum,Petržalka,0,0,9,2023
#1 - Starý Most,2023-09-12,1140,157,1297,24,48.110442,17.127512,Centrum,Petržalka,1,0,9,2023
#1 - Starý Most,2023-09-13,1065,122,1187,24,48.110442,17.127512,Centrum,Petržalka,2,0,9,2023
#1 - Starý Most,2023-09-14,430,68,498,24,48.110442,17.127512,Centrum,Petržalka,3,0,9,2023
#1 - Starý Most,2023-09-15,855,102,957,24,48.110442,17.127512,Centrum,Petržalka,4,0,9,2023
#1 - Starý Most,2023-09-16,730,77,807,24,48.110442,17.127512,Centrum,Petržalka,5,1,9,2023
#1 - Starý Most,2023-09-17,964,82,1046,24,48.110442,17.127512,Centrum,Petržalka,6,1,9,2023
#1 - Starý Most,2023-09-18,827,115,942,24,48.110442,17.127512,Centrum,Petržalka,0,0,9,2023
#1 - Starý Most,2023-09-19,446,71,517,24,48.110442,17.127512,Centrum,Petržalka,1,0,9,2023
#1 - Starý Most,2023-09-20,991,135,1126,24,48.110442,17.127512,Centrum,Petržalka,2,0,9,2023
#1 - Starý Most,2023-09-22,856,116,972,24,48.110442,17.127512,Centrum,Petržalka,4,0,9,2023
#1 - Starý Most,2023-09-23,305,32,337,24,48.110442,17.127512,Centrum,Petržalka,5,1,9,2023
#1 - Starý Most,2023-09-24,237,28,265,24,48.110442,17.127512,Centrum,Petržalka,6,1,9,2023
#1 - Starý Most,2023-09-25,846,101,947,24,48.110442,17.127512,Centrum,Petržalka,0,0,9,2023
#1 - Starý Most,2023-09-26,1021,138,1159,24,48.110442,17.127512,Centrum,Petržalka,1,0,9,2023
#1 - Starý Most,2023-09-27,1009,124,1133,24,48.110442,17.127512,Centrum,Petržalka,2,0,9,2023
#1 - Starý Most,2023-09-28,1023,120,1143,24,48.110442,17.127512,Centrum,Petržalka,3,0,9,2023
#1 - Starý Most,2023-09-29,945,111,1056,24,48.110442,17.127512,Centrum,Petržalka,4,0,9,2023
#1 - Starý Most,2023-09-30,626,59,685,24,48.110442,17.127512,Centrum,Petržalka,5,1,9,2023
#1 - Starý Most,2023-10-01,839,78,917,24,48.110442,17.127512,Centrum,Petržalka,6,1,10,2023
#1 - Starý Most,2023-10-02,794,127,921,24,48.110442,17.127512,Centrum,Petržalka,0,0,10,2023
#1 - Starý Most,2023-10-03,927,120,1047,24,48.110442,17.127512,Centrum,Petržalka,1,0,10,2023
#1 - Starý Most,2023-10-04,849,113,962,24,48.110442,17.127512,Centrum,Petržalka,2,0,10,2023
#1 - Starý Most,2023-10-05,774,100,874,24,48.110442,17.127512,Centrum,Petržalka,3,0,10,2023
#1 - Starý Most,2023-10-06,649,87,736,24,48.110442,17.127512,Centrum,Petržalka,4,0,10,2023
#1 - Starý Most,2023-10-07,570,68,638,24,48.110442,17.127512,Centrum,Petržalka,5,1,10,2023
#1 - Starý Most,2023-10-08,336,42,378,24,48.110442,17.127512,Centrum,Petržalka,6,1,10,2023
#1 - Starý Most,2023-10-09,345,67,412,24,48.110442,17.127512,Centrum,Petržalka,0,0,10,2023
#1 - Starý Most,2023-10-10,570,91,661,24,48.110442,17.127512,Centrum,Petržalka,1,0,10,2023
#1 - Starý Most,2023-10-11,706,116,822,24,48.110442,17.127512,Centrum,Petržalka,2,0,10,2023
#1 - Starý Most,2023-10-12,723,116,839,24,48.110442,17.127512,Centrum,Petržalka,3,0,10,2023
#1 - Starý Most,2023-10-13,602,87,689,24,48.110442,17.127512,Centrum,Petržalka,4,0,10,2023
#1 - Starý Most,2023-10-14,806,70,876,24,48.110442,17.127512,Centrum,Petržalka,5,1,10,2023
#1 - Starý Most,2023-10-15,316,40,356,24,48.110442,17.127512,Centrum,Petržalka,6,1,10,2023
#1 - Starý Most,2023-10-16,423,84,507,24,48.110442,17.127512,Centrum,Petržalka,0,0,10,2023
#1 - Starý Most,2023-10-17,449,83,532,24,48.110442,17.127512,Centrum,Petržalka,1,0,10,2023
#1 - Starý Most,2023-10-18,425,92,517,24,48.110442,17.127512,Centrum,Petržalka,2,0,10,2023
#1 - Starý Most,2023-10-19,498,77,575,24,48.110442,17.127512,Centrum,Petržalka,3,0,10,2023
#1 - Starý Most,2023-10-20,386,66,452,24,48.110442,17.127512,Centrum,Petržalka,4,0,10,2023
#1 - Starý Most,2023-10-21,580,67,647,24,48.110442,17.127512,Centrum,Petržalka,5,1,10,2023
#1 - Starý Most,2023-10-22,276,45,321,24,48.110442,17.127512,Centrum,Petržalka,6,1,10,2023
#1 - Starý Most,2023-10-23,534,88,622,24,48.110442,17.127512,Centrum,Petržalka,0,0,10,2023
#1 - Starý Most,2023-10-24,486,77,563,24,48.110442,17.127512,Centrum,Petržalka,1,0,10,2023
#1 - Starý Most,2023-10-25,486,77,563,24,48.110442,17.127512,Centrum,Petržalka,2,0,10,2023
#1 - Starý Most,2023-10-26,17,22,39,24,48.110442,17.127512,Centrum,Petržalka,3,0,10,2023
#1 - Starý Most,2023-10-27,69,21,90,24,48.110442,17.127512,Centrum,Petržalka,4,0,10,2023
#1 - Starý Most,2023-10-28,360,53,413,24,48.110442,17.127512,Centrum,Petržalka,5,1,10,2023
#1 - Starý Most,2023-10-29,344,52,396,24,48.110442,17.127512,Centrum,Petržalka,6,1,10,2023
#1 - Starý Most,2023-10-30,415,85,500,24,48.110442,17.127512,Centrum,Petržalka,0,0,10,2023
#1 - Starý Most,2023-10-31,204,44,248,24,48.110442,17.127512,Centrum,Petržalka,1,0,10,2023
#3 - River Park,2023-09-06,1155,944,2099,24,48.13956,17.117371,Centrum,Most Lanfranconi,2,0,9,2023
#3 - River Park,2023-09-07,1035,830,1865,24,48.13956,17.117371,Centrum,Most Lanfranconi,3,0,9,2023
#3 - River Park,2023-09-08,1038,767,1805,24,48.13956,17.117371,Centrum,Most Lanfranconi,4,0,9,2023
#3 - River Park,2023-09-09,1246,946,2192,24,48.13956,17.117371,Centrum,Most Lanfranconi,5,1,9,2023
#3 - River Park,2023-09-10,1345,1124,2469,24,48.13956,17.117371,Centrum,Most Lanfranconi,6,1,9,2023
#3 - River Park,2023-09-11,0,0,0,24,48.13956,17.117371,Centrum,Most Lanfranconi,0,0,9,2023
#3 - River Park,2023-09-12,0,0,0,24,48.13956,17.117371,Centrum,Most Lanfranconi,1,0,9,2023
#3 - River Park,2023-09-13,0,0,0,24,48.13956,17.117371,Centrum,Most Lanfranconi,2,0,9,2023
#3 - River Park,2023-09-14,350,284,634,24,48.13956,17.117371,Centrum,Most Lanfranconi,3,0,9,2023
#3 - River Park,2023-09-15,1118,856,1974,24,48.13956,17.117371,Centrum,Most Lanfranconi,4,0,9,2023
#3 - River Park,2023-09-16,854,695,1549,24,48.13956,17.117371,Centrum,Most Lanfranconi,5,1,9,2023
#3 - River Park,2023-09-17,1210,1010,2220,24,48.13956,17.117371,Centrum,Most Lanfranconi,6,1,9,2023
#3 - River Park,2023-09-18,848,636,1484,24,48.13956,17.117371,Centrum,Most Lanfranconi,0,0,9,2023
#3 - River Park,2023-09-19,456,289,745,24,48.13956,17.117371,Centrum,Most Lanfranconi,1,0,9,2023
#3 - River Park,2023-09-20,1178,922,2100,24,48.13956,17.117371,Centrum,Most Lanfranconi,2,0,9,2023
#3 - River Park,2023-09-22,897,697,1594,24,48.13956,17.117371,Centrum,Most Lanfranconi,4,0,9,2023
#3 - River Park,2023-09-23,198,145,343,24,48.13956,17.117371,Centrum,Most Lanfranconi,5,1,9,2023
#3 - River Park,2023-09-24,187,128,315,24,48.13956,17.117371,Centrum,Most Lanfranconi,6,1,9,2023
#3 - River Park,2023-09-25,429,442,871,24,48.13956,17.117371,Centrum,Most Lanfranconi,0,0,9,2023
#3 - River Park,2023-09-26,1244,928,2172,24,48.13956,17.117371,Centrum,Most Lanfranconi,1,0,9,2023
#3 - River Park,2023-09-27,1083,847,1930,24,48.13956,17.117371,Centrum,Most Lanfranconi,2,0,9,2023
#3 - River Park,2023-09-28,997,780,1777,24,48.13956,17.117371,Centrum,Most Lanfranconi,3,0,9,2023
#3 - River Park,2023-09-29,992,756,1748,24,48.13956,17.117371,Centrum,Most Lanfranconi,4,0,9,2023
#3 - River Park,2023-09-30,543,496,1039,24,48.13956,17.117371,Centrum,Most Lanfranconi,5,1,9,2023
#3 - River Park,2023-10-01,901,744,1645,24,48.13956,17.117371,Centrum,Most Lanfranconi,6,1,10,2023
#3 - River Park,2023-10-02,898,702,1600,24,48.13956,17.117371,Centrum,Most Lanfranconi,0,0,10,2023
#3 - River Park,2023-10-03,1144,784,1928,24,48.13956,17.117371,Centrum,Most Lanfranconi,1,0,10,2023
#3 - River Park,2023-10-04,740,627,1367,24,48.13956,17.117371,Centrum,Most Lanfranconi,2,0,10,2023
#3 - River Park,2023-10-05,708,526,1234,24,48.13956,17.117371,Centrum,Most Lanfranconi,3,0,10,2023
#3 - River Park,2023-10-06,696,595,1291,24,48.13956,17.117371,Centrum,Most Lanfranconi,4,0,10,2023
#3 - River Park,2023-10-07,842,706,1548,24,48.13956,17.117371,Centrum,Most Lanfranconi,5,1,10,2023
#3 - River Park,2023-10-08,327,249,576,24,48.13956,17.117371,Centrum,Most Lanfranconi,6,1,10,2023
#3 - River Park,2023-10-09,257,208,465,24,48.13956,17.117371,Centrum,Most Lanfranconi,0,0,10,2023
#3 - River Park,2023-10-10,551,398,949,24,48.13956,17.117371,Centrum,Most Lanfranconi,1,0,10,2023
#3 - River Park,2023-10-11,727,621,1348,24,48.13956,17.117371,Centrum,Most Lanfranconi,2,0,10,2023
#3 - River Park,2023-10-12,798,639,1437,24,48.13956,17.117371,Centrum,Most Lanfranconi,3,0,10,2023
#3 - River Park,2023-10-13,585,472,1057,24,48.13956,17.117371,Centrum,Most Lanfranconi,4,0,10,2023
#3 - River Park,2023-10-14,1021,849,1870,24,48.13956,17.117371,Centrum,Most Lanfranconi,5,1,10,2023
#3 - River Park,2023-10-15,278,218,496,24,48.13956,17.117371,Centrum,Most Lanfranconi,6,1,10,2023
#3 - River Park,2023-10-16,394,354,748,24,48.13956,17.117371,Centrum,Most Lanfranconi,0,0,10,2023
#3 - River Park,2023-10-17,427,318,745,24,48.13956,17.117371,Centrum,Most Lanfranconi,1,0,10,2023
#3 - River Park,2023-10-18,387,305,692,24,48.13956,17.117371,Centrum,Most Lanfranconi,2,0,10,2023
#3 - River Park,2023-10-19,222,237,459,24,48.13956,17.117371,Centrum,Most Lanfranconi,3,0,10,2023
#3 - River Park,2023-10-20,376,285,661,24,48.13956,17.117371,Centrum,Most Lanfranconi,4,0,10,2023
#3 - River Park,2023-10-21,874,665,1539,24,48.13956,17.117371,Centrum,Most Lanfranconi,5,1,10,2023
#3 - River Park,2023-10-22,238,203,441,24,48.13956,17.117371,Centrum,Most Lanfranconi,6,1,10,2023
#3 - River Park,2023-10-23,569,472,1041,24,48.13956,17.117371,Centrum,Most Lanfranconi,0,0,10,2023
#3 - River Park,2023-10-24,304,238,542,24,48.13956,17.117371,Centrum,Most Lanfranconi,1,0,10,2023
#3 - River Park,2023-10-25,435,380,815,24,48.13956,17.117371,Centrum,Most Lanfranconi,2,0,10,2023
#3 - River Park,2023-10-26,409,333,742,24,48.13956,17.117371,Centrum,Most Lanfranconi,3,0,10,2023
#3 - River Park,2023-10-27,64,48,112,24,48.13956,17.117371,Centrum,Most Lanfranconi,4,0,10,2023
#3 - River Park,2023-10-28,320,259,579,24,48.13956,17.117371,Centrum,Most Lanfranconi,5,1,10,2023
#3 - River Park,2023-10-29,423,351,774,24,48.13956,17.117371,Centrum,Most Lanfranconi,6,1,10,2023
#3 - River Park,2023-10-30,489,380,869,24,48.13956,17.117371,Centrum,Most Lanfranconi,0,0,10,2023
#3 - River Park,2023-10-31,154,94,248,24,48.13956,17.117371,Centrum,Most Lanfranconi,1,0,10,2023
#4 - Dolnozemská,2023-09-06,1359,1504,2863,24,48.112534,17.128937,Dunajská hrázda,Petržalka,2,0,9,2023
#4 - Dolnozemská,2023-09-07,1350,1549,2899,24,48.112534,17.128937,Dunajská hrázda,Petržalka,3,0,9,2023
#4 - Dolnozemská,2023-09-08,1297,1456,2753,24,48.112534,17.128937,Dunajská hrázda,Petržalka,4,0,9,2023
#4 - Dolnozemská,2023-09-09,1724,1935,3659,24,48.112534,17.128937,Dunajská hrázda,Petržalka,5,1,9,2023
#4 - Dolnozemská,2023-09-10,2093,2234,4327,24,48.112534,17.128937,Dunajská hrázda,Petržalka,6,1,9,2023
#4 - Dolnozemská,2023-09-11,1132,1297,2429,24,48.112534,17.128937,Dunajská hrázda,Petržalka,0,0,9,2023
#4 - Dolnozemská,2023-09-12,1257,1492,2749,24,48.112534,17.128937,Dunajská hrázda,Petržalka,1,0,9,2023
#4 - Dolnozemská,2023-09-13,1082,1225,2307,24,48.112534,17.128937,Dunajská hrázda,Petržalka,2,0,9,2023
#4 - Dolnozemská,2023-09-14,304,342,646,24,48.112534,17.128937,Dunajská hrázda,Petržalka,3,0,9,2023
#4 - Dolnozemská,2023-09-15,1623,1710,3333,24,48.112534,17.128937,Dunajská hrázda,Petržalka,4,0,9,2023
#4 - Dolnozemská,2023-09-16,1220,1299,2519,24,48.112534,17.128937,Dunajská hrázda,Petržalka,5,1,9,2023
#4 - Dolnozemská,2023-09-17,1723,1824,3547,24,48.112534,17.128937,Dunajská hrázda,Petržalka,6,1,9,2023
#4 - Dolnozemská,2023-09-18,688,741,1429,24,48.112534,17.128937,Dunajská hrázda,Petržalka,0,0,9,2023
#4 - Dolnozemská,2023-09-19,302,419,721,24,48.112534,17.128937,Dunajská hrázda,Petržalka,1,0,9,2023
#4 - Dolnozemská,2023-09-20,1246,1328,2574,24,48.112534,17.128937,Dunajská hrázda,Petržalka,2,0,9,2023
#4 - Dolnozemská,2023-09-22,937,1000,1937,24,48.112534,17.128937,Dunajská hrázda,Petržalka,4,0,9,2023
#4 - Dolnozemská,2023-09-23,163,242,405,24,48.112534,17.128937,Dunajská hrázda,Petržalka,5,1,9,2023
#4 - Dolnozemská,2023-09-24,146,209,355,24,48.112534,17.128937,Dunajská hrázda,Petržalka,6,1,9,2023
#4 - Dolnozemská,2023-09-25,827,920,1747,24,48.112534,17.128937,Dunajská hrázda,Petržalka,0,0,9,2023
#4 - Dolnozemská,2023-09-26,1283,1456,2739,24,48.112534,17.128937,Dunajská hrázda,Petržalka,1,0,9,2023
#4 - Dolnozemská,2023-09-27,1216,1331,2547,24,48.112534,17.128937,Dunajská hrázda,Petržalka,2,0,9,2023
#4 - Dolnozemská,2023-09-28,1139,1311,2450,24,48.112534,17.128937,Dunajská hrázda,Petržalka,3,0,9,2023
#4 - Dolnozemská,2023-09-29,1119,1202,2321,24,48.112534,17.128937,Dunajská hrázda,Petržalka,4,0,9,2023
#4 - Dolnozemská,2023-09-30,642,668,1310,24,48.112534,17.128937,Dunajská hrázda,Petržalka,5,1,9,2023
#4 - Dolnozemská,2023-10-01,1365,1415,2780,24,48.112534,17.128937,Dunajská hrázda,Petržalka,6,1,10,2023
#4 - Dolnozemská,2023-10-02,1011,1090,2101,24,48.112534,17.128937,Dunajská hrázda,Petržalka,0,0,10,2023
#4 - Dolnozemská,2023-10-03,1054,1216,2270,24,48.112534,17.128937,Dunajská hrázda,Petržalka,1,0,10,2023
#4 - Dolnozemská,2023-10-04,552,644,1196,24,48.112534,17.128937,Dunajská hrázda,Petržalka,2,0,10,2023
#4 - Dolnozemská,2023-10-05,728,781,1509,24,48.112534,17.128937,Dunajská hrázda,Petržalka,3,0,10,2023
#4 - Dolnozemská,2023-10-06,806,892,1698,24,48.112534,17.128937,Dunajská hrázda,Petržalka,4,0,10,2023
#4 - Dolnozemská,2023-10-07,993,1065,2058,24,48.112534,17.128937,Dunajská hrázda,Petržalka,5,1,10,2023
#4 - Dolnozemská,2023-10-08,291,311,602,24,48.112534,17.128937,Dunajská hrázda,Petržalka,6,1,10,2023
#4 - Dolnozemská,2023-10-09,139,174,313,24,48.112534,17.128937,Dunajská hrázda,Petržalka,0,0,10,2023
#4 - Dolnozemská,2023-10-10,429,476,905,24,48.112534,17.128937,Dunajská hrázda,Petržalka,1,0,10,2023
#4 - Dolnozemská,2023-10-11,724,786,1510,24,48.112534,17.128937,Dunajská hrázda,Petržalka,2,0,10,2023
#4 - Dolnozemská,2023-10-12,835,937,1772,24,48.112534,17.128937,Dunajská hrázda,Petržalka,3,0,10,2023
#4 - Dolnozemská,2023-10-13,739,850,1589,24,48.112534,17.128937,Dunajská hrázda,Petržalka,4,0,10,2023
#4 - Dolnozemská,2023-10-14,1504,1634,3138,24,48.112534,17.128937,Dunajská hrázda,Petržalka,5,1,10,2023
#4 - Dolnozemská,2023-10-15,279,304,583,24,48.112534,17.128937,Dunajská hrázda,Petržalka,6,1,10,2023
#4 - Dolnozemská,2023-10-16,408,429,837,24,48.112534,17.128937,Dunajská hrázda,Petržalka,0,0,10,2023
#4 - Dolnozemská,2023-10-17,345,366,711,24,48.112534,17.128937,Dunajská hrázda,Petržalka,1,0,10,2023
#4 - Dolnozemská,2023-10-18,308,327,635,24,48.112534,17.128937,Dunajská hrázda,Petržalka,2,0,10,2023
#4 - Dolnozemská,2023-10-19,291,296,587,24,48.112534,17.128937,Dunajská hrázda,Petržalka,3,0,10,2023
#4 - Dolnozemská,2023-10-20,236,238,474,24,48.112534,17.128937,Dunajská hrázda,Petržalka,4,0,10,2023
#4 - Dolnozemská,2023-10-21,1162,1203,2365,24,48.112534,17.128937,Dunajská hrázda,Petržalka,5,1,10,2023
#4 - Dolnozemská,2023-10-22,391,383,774,24,48.112534,17.128937,Dunajská hrázda,Petržalka,6,1,10,2023
#4 - Dolnozemská,2023-10-23,553,610,1163,24,48.112534,17.128937,Dunajská hrázda,Petržalka,0,0,10,2023
#4 - Dolnozemská,2023-10-24,234,277,511,24,48.112534,17.128937,Dunajská hrázda,Petržalka,1,0,10,2023
#4 - Dolnozemská,2023-10-25,407,487,894,24,48.112534,17.128937,Dunajská hrázda,Petržalka,2,0,10,2023
#4 - Dolnozemská,2023-10-26,308,353,661,24,48.112534,17.128937,Dunajská hrázda,Petržalka,3,0,10,2023
#4 - Dolnozemská,2023-10-27,19,28,47,24,48.112534,17.128937,Dunajská hrázda,Petržalka,4,0,10,2023
#4 - Dolnozemská,2023-10-28,492,543,1035,24,48.112534,17.128937,Dunajská hrázda,Petržalka,5,1,10,2023
#4 - Dolnozemská,2023-10-29,654,690,1344,24,48.112534,17.128937,Dunajská hrázda,Petržalka,6,1,10,2023
#4 - Dolnozemská,2023-10-30,470,501,971,24,48.112534,17.128937,Dunajská hrázda,Petržalka,0,0,10,2023
#4 - Dolnozemská,2023-10-31,61,74,135,24,48.112534,17.128937,Dunajská hrázda,Petržalka,1,0,10,2023
Cyklomost Slobody,2023-09-06,345,334,679,24,48.21065,16.969,Cyklomost Slobody Pedestrians IN - na Slovensko,Cyklomost Slobody Pedestrians OUT - zo Slovenska,2,0,9,2023
Cyklomost Slobody,2023-09-07,336,325,661,24,48.21065,16.969,Cyklomost Slobody Pedestrians IN - na Slovensko,Cyklomost Slobody Pedestrians OUT - zo Slovenska,3,0,9,2023
Cyklomost Slobody,2023-09-08,394,385,779,24,48.21065,16.969,Cyklomost Slobody Pedestrians IN - na Slovensko,Cyklomost Slobody Pedestrians OUT - zo Slovenska,4,0,9,2023
Cyklomost Slobody,2023-09-09,780,767,1547,24,48.21065,16.969,Cyklomost Slobody Pedestrians IN - na Slovensko,Cyklomost Slobody Pedestrians OUT - zo Slovenska,5,1,9,2023
Cyklomost Slobody,2023-09-10,915,906,1821,24,48.21065,16.969,Cyklomost Slobody Pedestrians IN - na Slovensko,Cyklomost Slobody Pedestrians OUT - zo Slovenska,6,1,9,2023
Cyklomost Slobody,2023-09-11,307,295,602,24,48.21065,16.969,Cyklomost Slobody Pedestrians IN - na Slovensko,Cyklomost Slobody Pedestrians OUT - zo Slovenska,0,0,9,2023
Cyklomost Slobody,2023-09-12,366,354,720,24,48.21065,16.969,Cyklomost Slobody Pedestrians IN - na Slovensko,Cyklomost Slobody Pedestrians OUT - zo Slovenska,1,0,9,2023
Cyklomost Slobody,2023-09-13,261,249,510,24,48.21065,16.969,Cyklomost Slobody Pedestrians IN - na Slovensko,Cyklomost Slobody Pedestrians OUT - zo Slovenska,2,0,9,2023
Cyklomost Slobody,2023-09-14,88,82,170,24,48.21065,16.969,Cyklomost Slobody Pedestrians IN - na Slovensko,Cyklomost Slobody Pedestrians OUT - zo Slovenska,3,0,9,2023
Cyklomost Slobody,2023-09-15,798,788,1586,24,48.21065,16.969,Cyklomost Slobody Pedestrians IN - na Slovensko,Cyklomost Slobody Pedestrians OUT - zo Slovenska,4,0,9,2023
Cyklomost Slobody,2023-09-16,703,681,1384,24,48.21065,16.969,Cyklomost Slobody Pedestrians IN - na Slovensko,Cyklomost Slobody Pedestrians OUT - zo Slovenska,5,1,9,2023
Cyklomost Slobody,2023-09-17,781,647,1428,24,48.21065,16.969,Cyklomost Slobody Pedestrians IN - na Slovensko,Cyklomost Slobody Pedestrians OUT - zo Slovenska,6,1,9,2023
Cyklomost Slobody,2023-09-18,192,188,380,24,48.21065,16.969,Cyklomost Slobody Pedestrians IN - na Slovensko,Cyklomost Slobody Pedestrians OUT - zo Slovenska,0,0,9,2023
Cyklomost Slobody,2023-09-19,146,154,300,24,48.21065,16.969,Cyklomost Slobody Pedestrians IN - na Slovensko,Cyklomost Slobody Pedestrians OUT - zo Slovenska,1,0,9,2023
Cyklomost Slobody,2023-09-20,438,279,717,24,48.21065,16.969,Cyklomost Slobody Pedestrians IN - na Slovensko,Cyklomost Slobody Pedestrians OUT - zo Slovenska,2,0,9,2023
Cyklomost Slobody,2023-09-21,260,85,345,24,48.21065,16.969,Cyklomost Slobody Pedestrians IN - na Slovensko,Cyklomost Slobody Pedestrians OUT - zo Slovenska,3,0,9,2023
Cyklomost Slobody,2023-09-22,305,126,431,24,48.21065,16.969,Cyklomost Slobody Pedestrians IN - na Slovensko,Cyklomost Slobody Pedestrians OUT - zo Slovenska,4,0,9,2023
Cyklomost Slobody,2023-09-23,122,53,175,24,48.21065,16.969,Cyklomost Slobody Pedestrians IN - na Slovensko,Cyklomost Slobody Pedestrians OUT - zo Slovenska,5,1,9,2023
Cyklomost Slobody,2023-09-24,101,67,168,24,48.21065,16.969,Cyklomost Slobody Pedestrians IN - na Slovensko,Cyklomost Slobody Pedestrians OUT - zo Slovenska,6,1,9,2023
Cyklomost Slobody,2023-09-25,268,202,470,24,48.21065,16.969,Cyklomost Slobody Pedestrians IN - na Slovensko,Cyklomost Slobody Pedestrians OUT - zo Slovenska,0,0,9,2023
Cyklomost Slobody,2023-09-26,400,356,756,24,48.21065,16.969,Cyklomost Slobody Pedestrians IN - na Slovensko,Cyklomost Slobody Pedestrians OUT - zo Slovenska,1,0,9,2023
Cyklomost Slobody,2023-09-27,430,247,677,24,48.21065,16.969,Cyklomost Slobody Pedestrians IN - na Slovensko,Cyklomost Slobody Pedestrians OUT - zo Slovenska,2,0,9,2023
Cyklomost Slobody,2023-09-29,431,257,688,24,48.21065,16.969,Cyklomost Slobody Pedestrians IN - na Slovensko,Cyklomost Slobody Pedestrians OUT - zo Slovenska,4,0,9,2023
Cyklomost Slobody,2023-09-30,363,207,570,24,48.21065,16.969,Cyklomost Slobody Pedestrians IN - na Slovensko,Cyklomost Slobody Pedestrians OUT - zo Slovenska,5,1,9,2023
Cyklomost Slobody,2023-10-01,747,562,1309,24,48.21065,16.969,Cyklomost Slobody Pedestrians IN - na Slovensko,Cyklomost Slobody Pedestrians OUT - zo Slovenska,6,1,10,2023
Cyklomost Slobody,2023-10-02,340,281,621,24,48.21065,16.969,Cyklomost Slobody Pedestrians IN - na Slovensko,Cyklomost Slobody Pedestrians OUT - zo Slovenska,0,0,10,2023
Cyklomost Slobody,2023-10-03,369,265,634,24,48.21065,16.969,Cyklomost Slobody Pedestrians IN - na Slovensko,Cyklomost Slobody Pedestrians OUT - zo Slovenska,1,0,10,2023
Cyklomost Slobody,2023-10-04,189,138,327,24,48.21065,16.969,Cyklomost Slobody Pedestrians IN - na Slovensko,Cyklomost Slobody Pedestrians OUT - zo Slovenska,2,0,10,2023
Cyklomost Slobody,2023-10-05,253,100,353,24,48.21065,16.969,Cyklomost Slobody Pedestrians IN - na Slovensko,Cyklomost Slobody Pedestrians OUT - zo Slovenska,3,0,10,2023
Cyklomost Slobody,2023-10-06,416,131,547,24,48.21065,16.969,Cyklomost Slobody Pedestrians IN - na Slovensko,Cyklomost Slobody Pedestrians OUT - zo Slovenska,4,0,10,2023
Cyklomost Slobody,2023-10-07,798,263,1061,24,48.21065,16.969,Cyklomost Slobody Pedestrians IN - na Slovensko,Cyklomost Slobody Pedestrians OUT - zo Slovenska,5,1,10,2023
Cyklomost Slobody,2023-10-08,153,85,238,24,48.21065,16.969,Cyklomost Slobody Pedestrians IN - na Slovensko,Cyklomost Slobody Pedestrians OUT - zo Slovenska,6,1,10,2023
Cyklomost Slobody,2023-10-09,68,27,95,24,48.21065,16.969,Cyklomost Slobody Pedestrians IN - na Slovensko,Cyklomost Slobody Pedestrians OUT - zo Slovenska,0,0,10,2023
Cyklomost Slobody,2023-10-10,143,215,358,24,48.21065,16.969,Cyklomost Slobody Pedestrians IN - na Slovensko,Cyklomost Slobody Pedestrians OUT - zo Slovenska,1,0,10,2023
Cyklomost Slobody,2023-10-11,207,224,431,24,48.21065,16.969,Cyklomost Slobody Pedestrians IN - na Slovensko,Cyklomost Slobody Pedestrians OUT - zo Slovenska,2,0,10,2023
Cyklomost Slobody,2023-10-12,281,223,504,24,48.21065,16.969,Cyklomost Slobody Pedestrians IN - na Slovensko,Cyklomost Slobody Pedestrians OUT - zo Slovenska,3,0,10,2023
Cyklomost Slobody,2023-10-13,179,196,375,24,48.21065,16.969,Cyklomost Slobody Pedestrians IN - na Slovensko,Cyklomost Slobody Pedestrians OUT - zo Slovenska,4,0,10,2023
Cyklomost Slobody,2023-10-14,625,545,1170,24,48.21065,16.969,Cyklomost Slobody Pedestrians IN - na Slovensko,Cyklomost Slobody Pedestrians OUT - zo Slovenska,5,1,10,2023
Cyklomost Slobody,2023-10-15,137,111,248,24,48.21065,16.969,Cyklomost Slobody Pedestrians IN - na Slovensko,Cyklomost Slobody Pedestrians OUT - zo Slovenska,6,1,10,2023
Cyklomost Slobody,2023-10-16,66,77,143,24,48.21065,16.969,Cyklomost Slobody Pedestrians IN - na Slovensko,Cyklomost Slobody Pedestrians OUT - zo Slovenska,0,0,10,2023
Cyklomost Slobody,2023-10-17,79,78,157,24,48.21065,16.969,Cyklomost Slobody Pedestrians IN - na Slovensko,Cyklomost Slobody Pedestrians OUT - zo Slovenska,1,0,10,2023
Cyklomost Slobody,2023-10-18,63,61,124,24,48.21065,16.969,Cyklomost Slobody Pedestrians IN - na Slovensko,Cyklomost Slobody Pedestrians OUT - zo Slovenska,2,0,10,2023
Cyklomost Slobody,2023-10-19,78,73,151,24,48.21065,16.969,Cyklomost Slobody Pedestrians IN - na Slovensko,Cyklomost Slobody Pedestrians OUT - zo Slovenska,3,0,10,2023
Cyklomost Slobody,2023-10-20,95,63,158,24,48.21065,16.969,Cyklomost Slobody Pedestrians IN - na Slovensko,Cyklomost Slobody Pedestrians OUT - zo Slovenska,4,0,10,2023
Cyklomost Slobody,2023-10-21,721,352,1073,24,48.21065,16.969,Cyklomost Slobody Pedestrians IN - na Slovensko,Cyklomost Slobody Pedestrians OUT - zo Slovenska,5,1,10,2023
Cyklomost Slobody,2023-10-22,190,140,330,24,48.21065,16.969,Cyklomost Slobody Pedestrians IN - na Slovensko,Cyklomost Slobody Pedestrians OUT - zo Slovenska,6,1,10,2023
Cyklomost Slobody,2023-10-23,203,125,328,24,48.21065,16.969,Cyklomost Slobody Pedestrians IN - na Slovensko,Cyklomost Slobody Pedestrians OUT - zo Slovenska,0,0,10,2023
Cyklomost Slobody,2023-10-24,94,24,118,24,48.21065,16.969,Cyklomost Slobody Pedestrians IN - na Slovensko,Cyklomost Slobody Pedestrians OUT - zo Slovenska,1,0,10,2023
Cyklomost Slobody,2023-10-25,174,74,248,24,48.21065,16.969,Cyklomost Slobody Pedestrians IN - na Slovensko,Cyklomost Slobody Pedestrians OUT - zo Slovenska,2,0,10,2023
Cyklomost Slobody,2023-10-26,159,74,233,24,48.21065,16.969,Cyklomost Slobody Pedestrians IN - na Slovensko,Cyklomost Slobody Pedestrians OUT - zo Slovenska,3,0,10,2023
Cyklomost Slobody,2023-10-27,36,8,44,24,48.21065,16.969,Cyklomost Slobody Pedestrians IN - na Slovensko,Cyklomost Slobody Pedestrians OUT - zo Slovenska,4,0,10,2023
Cyklomost Slobody,2023-10-29,438,131,569,24,48.21065,16.969,Cyklomost Slobody Pedestrians IN - na Slovensko,Cyklomost Slobody Pedestrians OUT - zo Slovenska,6,1,10,2023
Cyklomost Slobody,2023-10-30,262,61,323,24,48.21065,16.969,Cyklomost Slobody Pedestrians IN - na Slovensko,Cyklomost Slobody Pedestrians OUT - zo Slovenska,0,0,10,2023
Cyklomost Slobody,2023-10-31,51,13,64,24,48.21065,16.969,Cyklomost Slobody Pedestrians IN - na Slovensko,Cyklomost Slobody Pedestrians OUT - zo Slovenska,1,0,10,2023
Devinska Nova Ves,2023-09-06,58,201,259,24,48.197826,16.972652,do Devína,do Devínskej Novej Vsi,2,0,9,2023
Devinska Nova Ves,2023-09-07,83,184,267,24,48.197826,16.972652,do Devína,do Devínskej Novej Vsi,3,0,9,2023
Devinska Nova Ves,2023-09-08,69,232,301,24,48.197826,16.972652,do Devína,do Devínskej Novej Vsi,4,0,9,2023
Devinska Nova Ves,2023-09-09,117,443,560,24,48.197826,16.972652,do Devína,do Devínskej Novej Vsi,5,1,9,2023
Devinska Nova Ves,2023-09-10,167,596,763,24,48.197826,16.972652,do Devína,do Devínskej Novej Vsi,6,1,9,2023
Devinska Nova Ves,2023-09-11,61,177,238,24,48.197826,16.972652,do Devína,do Devínskej Novej Vsi,0,0,9,2023
Devinska Nova Ves,2023-09-12,67,329,396,24,48.197826,16.972652,do Devína,do Devínskej Novej Vsi,1,0,9,2023
Devinska Nova Ves,2023-09-13,49,137,186,24,48.197826,16.972652,do Devína,do Devínskej Novej Vsi,2,0,9,2023
Devinska Nova Ves,2023-09-14,24,51,75,24,48.197826,16.972652,do Devína,do Devínskej Novej Vsi,3,0,9,2023
Devinska Nova Ves,2023-09-15,112,457,569,24,48.197826,16.972652,do Devína,do Devínskej Novej Vsi,4,0,9,2023
Devinska Nova Ves,2023-09-16,88,358,446,24,48.197826,16.972652,do Devína,do Devínskej Novej Vsi,5,1,9,2023
Devinska Nova Ves,2023-09-17,110,476,586,24,48.197826,16.972652,do Devína,do Devínskej Novej Vsi,6,1,9,2023
Devinska Nova Ves,2023-09-18,45,204,249,24,48.197826,16.972652,do Devína,do Devínskej Novej Vsi,0,0,9,2023
Devinska Nova Ves,2023-09-19,23,124,147,24,48.197826,16.972652,do Devína,do Devínskej Novej Vsi,1,0,9,2023
Devinska Nova Ves,2023-09-20,58,220,278,24,48.197826,16.972652,do Devína,do Devínskej Novej Vsi,2,0,9,2023
Devinska Nova Ves,2023-09-21,38,98,136,24,48.197826,16.972652,do Devína,do Devínskej Novej Vsi,3,0,9,2023
Devinska Nova Ves,2023-09-22,57,153,210,24,48.197826,16.972652,do Devína,do Devínskej Novej Vsi,4,0,9,2023
Devinska Nova Ves,2023-09-23,29,27,56,24,48.197826,16.972652,do Devína,do Devínskej Novej Vsi,5,1,9,2023
Devinska Nova Ves,2023-09-24,16,29,45,24,48.197826,16.972652,do Devína,do Devínskej Novej Vsi,6,1,9,2023
Devinska Nova Ves,2023-09-25,34,109,143,24,48.197826,16.972652,do Devína,do Devínskej Novej Vsi,0,0,9,2023
Devinska Nova Ves,2023-09-27,63,210,273,24,48.197826,16.972652,do Devína,do Devínskej Novej Vsi,2,0,9,2023
Devinska Nova Ves,2023-09-28,58,168,226,24,48.197826,16.972652,do Devína,do Devínskej Novej Vsi,3,0,9,2023
Devinska Nova Ves,2023-09-29,70,193,263,24,48.197826,16.972652,do Devína,do Devínskej Novej Vsi,4,0,9,2023
Devinska Nova Ves,2023-09-30,59,143,202,24,48.197826,16.972652,do Devína,do Devínskej Novej Vsi,5,1,9,2023
Devinska Nova Ves,2023-10-01,75,343,418,24,48.197826,16.972652,do Devína,do Devínskej Novej Vsi,6,1,10,2023
Devinska Nova Ves,2023-10-02,55,221,276,24,48.197826,16.972652,do Devína,do Devínskej Novej Vsi,0,0,10,2023
Devinska Nova Ves,2023-10-03,47,292,339,24,48.197826,16.972652,do Devína,do Devínskej Novej Vsi,1,0,10,2023
Devinska Nova Ves,2023-10-04,37,109,146,24,48.197826,16.972652,do Devína,do Devínskej Novej Vsi,2,0,10,2023
Devinska Nova Ves,2023-10-05,28,91,119,24,48.197826,16.972652,do Devína,do Devínskej Novej Vsi,3,0,10,2023
Devinska Nova Ves,2023-10-06,41,119,160,24,48.197826,16.972652,do Devína,do Devínskej Novej Vsi,4,0,10,2023
Devinska Nova Ves,2023-10-07,76,304,380,24,48.197826,16.972652,do Devína,do Devínskej Novej Vsi,5,1,10,2023
Devinska Nova Ves,2023-10-08,35,74,109,24,48.197826,16.972652,do Devína,do Devínskej Novej Vsi,6,1,10,2023
Devinska Nova Ves,2023-10-09,13,24,37,24,48.197826,16.972652,do Devína,do Devínskej Novej Vsi,0,0,10,2023
Devinska Nova Ves,2023-10-10,22,152,174,24,48.197826,16.972652,do Devína,do Devínskej Novej Vsi,1,0,10,2023
Devinska Nova Ves,2023-10-11,30,99,129,24,48.197826,16.972652,do Devína,do Devínskej Novej Vsi,2,0,10,2023
Devinska Nova Ves,2023-10-12,44,150,194,24,48.197826,16.972652,do Devína,do Devínskej Novej Vsi,3,0,10,2023
Devinska Nova Ves,2023-10-13,47,143,190,24,48.197826,16.972652,do Devína,do Devínskej Novej Vsi,4,0,10,2023
Devinska Nova Ves,2023-10-14,103,476,579,24,48.197826,16.972652,do Devína,do Devínskej Novej Vsi,5,1,10,2023
Devinska Nova Ves,2023-10-15,18,55,73,24,48.197826,16.972652,do Devína,do Devínskej Novej Vsi,6,1,10,2023
Devinska Nova Ves,2023-10-16,25,65,90,24,48.197826,16.972652,do Devína,do Devínskej Novej Vsi,0,0,10,2023
Devinska Nova Ves,2023-10-17,16,34,50,24,48.197826,16.972652,do Devína,do Devínskej Novej Vsi,1,0,10,2023
Devinska Nova Ves,2023-10-18,11,46,57,24,48.197826,16.972652,do Devína,do Devínskej Novej Vsi,2,0,10,2023
Devinska Nova Ves,2023-10-19,15,40,55,24,48.197826,16.972652,do Devína,do Devínskej Novej Vsi,3,0,10,2023
Devinska Nova Ves,2023-10-20,16,46,62,24,48.197826,16.972652,do Devína,do Devínskej Novej Vsi,4,0,10,2023
Devinska Nova Ves,2023-10-21,74,210,284,24,48.197826,16.972652,do Devína,do Devínskej Novej Vsi,5,1,10,2023
Devinska Nova Ves,2023-10-22,32,75,107,24,48.197826,16.972652,do Devína,do Devínskej Novej Vsi,6,1,10,2023
Devinska Nova Ves,2023-10-23,32,70,102,24,48.197826,16.972652,do Devína,do Devínskej Novej Vsi,0,0,10,2023
Devinska Nova Ves,2023-10-24,12,24,36,24,48.197826,16.972652,do Devína,do Devínskej Novej Vsi,1,0,10,2023
Devinska Nova Ves,2023-10-25,24,55,79,24,48.197826,16.972652,do Devína,do Devínskej Novej Vsi,2,0,10,2023
Devinska Nova Ves,2023-10-27,5,9,14,24,48.197826,16.972652,do Devína,do Devínskej Novej Vsi,4,0,10,2023
Devinska Nova Ves,2023-10-28,35,93,128,24,48.197826,16.972652,do Devína,do Devínskej Novej Vsi,5,1,10,2023
Devinska Nova Ves,2023-10-29,24,110,134,24,48.197826,16.972652,do Devína,do Devínskej Novej Vsi,6,1,10,2023
Devinska Nova Ves,2023-10-30,21,84,105,24,48.197826,16.972652,do Devína,do Devínskej Novej Vsi,0,0,10,2023
Devinska Nova Ves,2023-10-31,7,7,14,24,48.197826,16.972652,do Devína,do Devínskej Novej Vsi,1,0,10,2023
Hradza Berg,2023-09-06,497,74,571,24,48.123215,17.068983,Do Slovenska,Do Rakuska,2,0,9,2023
Hradza Berg,2023-09-07,431,76,507,24,48.123215,17.068983,Do Slovenska,Do Rakuska,3,0,9,2023
Hradza Berg,2023-09-08,418,58,476,24,48.123215,17.068983,Do Slovenska,Do Rakuska,4,0,9,2023
Hradza Berg,2023-09-09,863,121,984,24,48.123215,17.068983,Do Slovenska,Do Rakuska,5,1,9,2023
Hradza Berg,2023-09-10,903,122,1025,24,48.123215,17.068983,Do Slovenska,Do Rakuska,6,1,9,2023
Hradza Berg,2023-09-11,364,53,417,24,48.123215,17.068983,Do Slovenska,Do Rakuska,0,0,9,2023
Hradza Berg,2023-09-12,593,65,658,24,48.123215,17.068983,Do Slovenska,Do Rakuska,1,0,9,2023
Hradza Berg,2023-09-13,327,57,384,24,48.123215,17.068983,Do Slovenska,Do Rakuska,2,0,9,2023
Hradza Berg,2023-09-14,178,25,203,24,48.123215,17.068983,Do Slovenska,Do Rakuska,3,0,9,2023
Hradza Berg,2023-09-15,842,123,965,24,48.123215,17.068983,Do Slovenska,Do Rakuska,4,0,9,2023
Hradza Berg,2023-09-16,683,101,784,24,48.123215,17.068983,Do Slovenska,Do Rakuska,5,1,9,2023
Hradza Berg,2023-09-17,827,112,939,24,48.123215,17.068983,Do Slovenska,Do Rakuska,6,1,9,2023
Hradza Berg,2023-09-18,332,23,355,24,48.123215,17.068983,Do Slovenska,Do Rakuska,0,0,9,2023
Hradza Berg,2023-09-19,247,24,271,24,48.123215,17.068983,Do Slovenska,Do Rakuska,1,0,9,2023
Hradza Berg,2023-09-20,492,61,553,24,48.123215,17.068983,Do Slovenska,Do Rakuska,2,0,9,2023
Hradza Berg,2023-09-21,277,47,324,24,48.123215,17.068983,Do Slovenska,Do Rakuska,3,0,9,2023
Hradza Berg,2023-09-22,336,57,393,24,48.123215,17.068983,Do Slovenska,Do Rakuska,4,0,9,2023
Hradza Berg,2023-09-23,119,19,138,24,48.123215,17.068983,Do Slovenska,Do Rakuska,5,1,9,2023
Hradza Berg,2023-09-24,138,10,148,24,48.123215,17.068983,Do Slovenska,Do Rakuska,6,1,9,2023
Hradza Berg,2023-09-25,287,51,338,24,48.123215,17.068983,Do Slovenska,Do Rakuska,0,0,9,2023
Hradza Berg,2023-09-26,597,99,696,24,48.123215,17.068983,Do Slovenska,Do Rakuska,1,0,9,2023
Hradza Berg,2023-09-27,478,66,544,24,48.123215,17.068983,Do Slovenska,Do Rakuska,2,0,9,2023
Hradza Berg,2023-09-28,416,87,503,24,48.123215,17.068983,Do Slovenska,Do Rakuska,3,0,9,2023
Hradza Berg,2023-09-29,427,61,488,24,48.123215,17.068983,Do Slovenska,Do Rakuska,4,0,9,2023
Hradza Berg,2023-09-30,334,64,398,24,48.123215,17.068983,Do Slovenska,Do Rakuska,5,1,9,2023
Hradza Berg,2023-10-01,705,132,837,24,48.123215,17.068983,Do Slovenska,Do Rakuska,6,1,10,2023
Hradza Berg,2023-10-02,415,58,473,24,48.123215,17.068983,Do Slovenska,Do Rakuska,0,0,10,2023
Hradza Berg,2023-10-04,226,42,268,24,48.123215,17.068983,Do Slovenska,Do Rakuska,2,0,10,2023
Hradza Berg,2023-10-05,276,41,317,24,48.123215,17.068983,Do Slovenska,Do Rakuska,3,0,10,2023
Hradza Berg,2023-10-06,321,58,379,24,48.123215,17.068983,Do Slovenska,Do Rakuska,4,0,10,2023
Hradza Berg,2023-10-07,677,105,782,24,48.123215,17.068983,Do Slovenska,Do Rakuska,5,1,10,2023
Hradza Berg,2023-10-08,148,40,188,24,48.123215,17.068983,Do Slovenska,Do Rakuska,6,1,10,2023
Hradza Berg,2023-10-09,67,4,71,24,48.123215,17.068983,Do Slovenska,Do Rakuska,0,0,10,2023
Hradza Berg,2023-10-10,267,35,302,24,48.123215,17.068983,Do Slovenska,Do Rakuska,1,0,10,2023
Hradza Berg,2023-10-11,251,35,286,24,48.123215,17.068983,Do Slovenska,Do Rakuska,2,0,10,2023
Hradza Berg,2023-10-12,345,53,398,24,48.123215,17.068983,Do Slovenska,Do Rakuska,3,0,10,2023
Hradza Berg,2023-10-13,326,50,376,24,48.123215,17.068983,Do Slovenska,Do Rakuska,4,0,10,2023
Hradza Berg,2023-10-14,900,138,1038,24,48.123215,17.068983,Do Slovenska,Do Rakuska,5,1,10,2023
Hradza Berg,2023-10-15,143,19,162,24,48.123215,17.068983,Do Slovenska,Do Rakuska,6,1,10,2023
Hradza Berg,2023-10-16,110,24,134,24,48.123215,17.068983,Do Slovenska,Do Rakuska,0,0,10,2023
Hradza Berg,2023-10-17,89,23,112,24,48.123215,17.068983,Do Slovenska,Do Rakuska,1,0,10,2023
Hradza Berg,2023-10-18,106,21,127,24,48.123215,17.068983,Do Slovenska,Do Rakuska,2,0,10,2023
Hradza Berg,2023-10-19,139,20,159,24,48.123215,17.068983,Do Slovenska,Do Rakuska,3,0,10,2023
Hradza Berg,2023-10-20,77,12,89,24,48.123215,17.068983,Do Slovenska,Do Rakuska,4,0,10,2023
Hradza Berg,2023-10-21,560,82,642,24,48.123215,17.068983,Do Slovenska,Do Rakuska,5,1,10,2023
Hradza Berg,2023-10-22,156,24,180,24,48.123215,17.068983,Do Slovenska,Do Rakuska,6,1,10,2023
Hradza Berg,2023-10-23,189,35,224,24,48.123215,17.068983,Do Slovenska,Do Rakuska,0,0,10,2023
Hradza Berg,2023-10-24,69,7,76,24,48.123215,17.068983,Do Slovenska,Do Rakuska,1,0,10,2023
Hradza Berg,2023-10-25,123,17,140,24,48.123215,17.068983,Do Slovenska,Do Rakuska,2,0,10,2023
Hradza Berg,2023-10-26,175,31,206,24,48.123215,17.068983,Do Slovenska,Do Rakuska,3,0,10,2023
Hradza Berg,2023-10-27,10,2,12,24,48.123215,17.068983,Do Slovenska,Do Rakuska,4,0,10,2023
Hradza Berg,2023-10-28,275,66,341,24,48.123215,17.068983,Do Slovenska,Do Rakuska,5,1,10,2023
Hradza Berg,2023-10-29,289,49,338,24,48.123215,17.068983,Do Slovenska,Do Rakuska,6,1,10,2023
Hradza Berg,2023-10-30,169,24,193,24,48.123215,17.068983,Do Slovenska,Do Rakuska,0,0,10,2023
Hradza Berg,2023-10-31,17,4,21,24,48.123215,17.068983,Do Slovenska,Do Rakuska,1,0,10,2023
Viedenska,2023-09-06,980,147,1127,24,48.136692,17.10638,k Staremu mostu,k Mostu SNP,2,0,9,2023
Viedenska,2023-09-07,991,136,1127,24,48.136692,17.10638,k Staremu mostu,k Mostu SNP,3,0,9,2023
Viedenska,2023-09-08,899,123,1022,24,48.136692,17.10638,k Staremu mostu,k Mostu SNP,4,0,9,2023
Viedenska,2023-09-09,1197,154,1351,24,48.136692,17.10638,k Staremu mostu,k Mostu SNP,5,1,9,2023
Viedenska,2023-09-10,1394,197,1591,24,48.136692,17.10638,k Staremu mostu,k Mostu SNP,6,1,9,2023
Viedenska,2023-09-11,821,86,907,24,48.136692,17.10638,k Staremu mostu,k Mostu SNP,0,0,9,2023
Viedenska,2023-09-12,973,141,1114,24,48.136692,17.10638,k Staremu mostu,k Mostu SNP,1,0,9,2023
Viedenska,2023-09-13,790,103,893,24,48.136692,17.10638,k Staremu mostu,k Mostu SNP,2,0,9,2023
Viedenska,2023-09-14,281,64,345,24,48.136692,17.10638,k Staremu mostu,k Mostu SNP,3,0,9,2023
Viedenska,2023-09-15,1189,178,1367,24,48.136692,17.10638,k Staremu mostu,k Mostu SNP,4,0,9,2023
Viedenska,2023-09-16,882,133,1015,24,48.136692,17.10638,k Staremu mostu,k Mostu SNP,5,1,9,2023
Viedenska,2023-09-17,1208,160,1368,24,48.136692,17.10638,k Staremu mostu,k Mostu SNP,6,1,9,2023
Viedenska,2023-09-18,541,51,592,24,48.136692,17.10638,k Staremu mostu,k Mostu SNP,0,0,9,2023
Viedenska,2023-09-19,332,44,376,24,48.136692,17.10638,k Staremu mostu,k Mostu SNP,1,0,9,2023
Viedenska,2023-09-20,909,121,1030,24,48.136692,17.10638,k Staremu mostu,k Mostu SNP,2,0,9,2023
Viedenska,2023-09-21,630,129,759,24,48.136692,17.10638,k Staremu mostu,k Mostu SNP,3,0,9,2023
Viedenska,2023-09-22,706,110,816,24,48.136692,17.10638,k Staremu mostu,k Mostu SNP,4,0,9,2023
Viedenska,2023-09-23,175,32,207,24,48.136692,17.10638,k Staremu mostu,k Mostu SNP,5,1,9,2023
Viedenska,2023-09-24,177,33,210,24,48.136692,17.10638,k Staremu mostu,k Mostu SNP,6,1,9,2023
Viedenska,2023-09-25,639,70,709,24,48.136692,17.10638,k Staremu mostu,k Mostu SNP,0,0,9,2023
Viedenska,2023-09-26,946,162,1108,24,48.136692,17.10638,k Staremu mostu,k Mostu SNP,1,0,9,2023
Viedenska,2023-09-27,894,135,1029,24,48.136692,17.10638,k Staremu mostu,k Mostu SNP,2,0,9,2023
Viedenska,2023-09-28,865,141,1006,24,48.136692,17.10638,k Staremu mostu,k Mostu SNP,3,0,9,2023
Viedenska,2023-09-29,830,100,930,24,48.136692,17.10638,k Staremu mostu,k Mostu SNP,4,0,9,2023
Viedenska,2023-09-30,492,89,581,24,48.136692,17.10638,k Staremu mostu,k Mostu SNP,5,1,9,2023
Viedenska,2023-10-01,1031,151,1182,24,48.136692,17.10638,k Staremu mostu,k Mostu SNP,6,1,10,2023
Viedenska,2023-10-02,728,95,823,24,48.136692,17.10638,k Staremu mostu,k Mostu SNP,0,0,10,2023
Viedenska,2023-10-03,823,145,968,24,48.136692,17.10638,k Staremu mostu,k Mostu SNP,1,0,10,2023
Viedenska,2023-10-04,556,76,632,24,48.136692,17.10638,k Staremu mostu,k Mostu SNP,2,0,10,2023
Viedenska,2023-10-06,581,78,659,24,48.136692,17.10638,k Staremu mostu,k Mostu SNP,4,0,10,2023
Viedenska,2023-10-07,854,157,1011,24,48.136692,17.10638,k Staremu mostu,k Mostu SNP,5,1,10,2023
Viedenska,2023-10-08,250,46,296,24,48.136692,17.10638,k Staremu mostu,k Mostu SNP,6,1,10,2023
Viedenska,2023-10-09,156,21,177,24,48.136692,17.10638,k Staremu mostu,k Mostu SNP,0,0,10,2023
Viedenska,2023-10-10,448,70,518,24,48.136692,17.10638,k Staremu mostu,k Mostu SNP,1,0,10,2023
Viedenska,2023-10-11,550,75,625,24,48.136692,17.10638,k Staremu mostu,k Mostu SNP,2,0,10,2023
Viedenska,2023-10-12,654,104,758,24,48.136692,17.10638,k Staremu mostu,k Mostu SNP,3,0,10,2023
Viedenska,2023-10-13,618,83,701,24,48.136692,17.10638,k Staremu mostu,k Mostu SNP,4,0,10,2023
Viedenska,2023-10-14,1170,197,1367,24,48.136692,17.10638,k Staremu mostu,k Mostu SNP,5,1,10,2023
Viedenska,2023-10-15,241,57,298,24,48.136692,17.10638,k Staremu mostu,k Mostu SNP,6,1,10,2023
Viedenska,2023-10-16,331,34,365,24,48.136692,17.10638,k Staremu mostu,k Mostu SNP,0,0,10,2023
Viedenska,2023-10-17,310,45,355,24,48.136692,17.10638,k Staremu mostu,k Mostu SNP,1,0,10,2023
Viedenska,2023-10-18,306,39,345,24,48.136692,17.10638,k Staremu mostu,k Mostu SNP,2,0,10,2023
Viedenska,2023-10-19,302,69,371,24,48.136692,17.10638,k Staremu mostu,k Mostu SNP,3,0,10,2023
Viedenska,2023-10-20,233,33,266,24,48.136692,17.10638,k Staremu mostu,k Mostu SNP,4,0,10,2023
Viedenska,2023-10-21,848,143,991,24,48.136692,17.10638,k Staremu mostu,k Mostu SNP,5,1,10,2023
Viedenska,2023-10-22,246,47,293,24,48.136692,17.10638,k Staremu mostu,k Mostu SNP,6,1,10,2023
Viedenska,2023-10-23,461,49,510,24,48.136692,17.10638,k Staremu mostu,k Mostu SNP,0,0,10,2023
Viedenska,2023-10-24,262,38,300,24,48.136692,17.10638,k Staremu mostu,k Mostu SNP,1,0,10,2023
Viedenska,2023-10-25,345,50,395,24,48.136692,17.10638,k Staremu mostu,k Mostu SNP,2,0,10,2023
Viedenska,2023-10-26,321,48,369,24,48.136692,17.10638,k Staremu mostu,k Mostu SNP,3,0,10,2023
Viedenska,2023-10-27,50,8,58,24,48.136692,17.10638,k Staremu mostu,k Mostu SNP,4,0,10,2023
Viedenska,2023-10-28,383,100,483,24,48.136692,17.10638,k Staremu mostu,k Mostu SNP,5,1,10,2023
Viedenska,2023-10-29,463,122,585,24,48.136692,17.10638,k Staremu mostu,k Mostu SNP,6,1,10,2023
Viedenska,2023-10-30,386,61,447,24,48.136692,17.10638,k Staremu mostu,k Mostu SNP,0,0,10,2023
Viedenska,2023-10-31,100,16,116,24,48.136692,17.10638,k Staremu mostu,k Mostu SNP,1,0,10,2023
